rank	sample	Weighted UniFrac error	Unweighted UniFrac error	L1 norm error	Completeness (recall)	Purity (precision)	F1 score	True positives	False positives	False negatives	Taxon counts	Jaccard index	Shannon diversity	Shannon equitability	Bray-Curtis distance
superkingdom	9	3.0628668282520293	717.284720910271	0.0	1.0	1.0	1.0	1.0	0.0	0.0	1.0	1.0	0.0	0.0	0.0
superkingdom	34	3.0628668282520293	717.284720910271	0.0	1.0	1.0	1.0	1.0	0.0	0.0	1.0	1.0	0.0	0.0	0.0
superkingdom	33	3.0628668282520293	717.284720910271	0.0	1.0	1.0	1.0	1.0	0.0	0.0	1.0	1.0	0.0	0.0	0.0
superkingdom	32	3.0628668282520293	717.284720910271	0.0	1.0	1.0	1.0	1.0	0.0	0.0	1.0	1.0	0.0	0.0	0.0
superkingdom	31	3.0628668282520293	717.284720910271	0.0	1.0	1.0	1.0	1.0	0.0	0.0	1.0	1.0	0.0	0.0	0.0
superkingdom	30	3.0628668282520293	717.284720910271	0.0	1.0	1.0	1.0	1.0	0.0	0.0	1.0	1.0	0.0	0.0	0.0
superkingdom	3	3.0628668282520293	717.284720910271	0.0	1.0	1.0	1.0	1.0	0.0	0.0	1.0	1.0	0.0	0.0	0.0
superkingdom	29	3.0628668282520293	717.284720910271	0.0	1.0	1.0	1.0	1.0	0.0	0.0	1.0	1.0	0.0	0.0	0.0
superkingdom	28	3.0628668282520293	717.284720910271	0.0	1.0	1.0	1.0	1.0	0.0	0.0	1.0	1.0	0.0	0.0	0.0
superkingdom	27	3.0628668282520293	717.284720910271	0.0	1.0	1.0	1.0	1.0	0.0	0.0	1.0	1.0	0.0	0.0	0.0
superkingdom	26	3.0628668282520293	717.284720910271	0.0009616656647074684	1.0	0.5	0.6666666666666666	1.0	1.0	0.0	2.0	0.5	0.004154275672582141	0.0059933529113199175	0.0004808328323537342
superkingdom	25	3.0628668282520293	717.284720910271	0.0	1.0	1.0	1.0	1.0	0.0	0.0	1.0	1.0	0.0	0.0	0.0
superkingdom	24	3.0628668282520293	717.284720910271	0.0	1.0	1.0	1.0	1.0	0.0	0.0	1.0	1.0	0.0	0.0	0.0
superkingdom	23	3.0628668282520293	717.284720910271	0.0	1.0	1.0	1.0	1.0	0.0	0.0	1.0	1.0	0.0	0.0	0.0
superkingdom	22	3.0628668282520293	717.284720910271	0.0	1.0	1.0	1.0	1.0	0.0	0.0	1.0	1.0	0.0	0.0	0.0
superkingdom	21	3.0628668282520293	717.284720910271	0.0	1.0	1.0	1.0	1.0	0.0	0.0	1.0	1.0	0.0	0.0	0.0
superkingdom	20	3.0628668282520293	717.284720910271	0.001194367401869037	1.0	0.5	0.6666666666666666	1.0	1.0	0.0	2.0	0.5	0.00503007062951023	0.007256857952515635	0.0005971837009345184
superkingdom	2	3.0628668282520293	717.284720910271	0.0	1.0	1.0	1.0	1.0	0.0	0.0	1.0	1.0	0.0	0.0	0.0
superkingdom	19	3.0628668282520293	717.284720910271	0.0	1.0	1.0	1.0	1.0	0.0	0.0	1.0	1.0	0.0	0.0	0.0
superkingdom	18	3.0628668282520293	717.284720910271	0.0017599398987826408	1.0	0.5	0.6666666666666666	1.0	1.0	0.0	2.0	0.5	0.007070719301025557	0.01020089167110745	0.0008799699493913205
superkingdom	17	3.0628668282520293	717.284720910271	0.0008904544637451348	1.0	0.5	0.6666666666666666	1.0	1.0	0.0	2.0	0.5	0.003880913603863651	0.005598974810412605	0.00044522723187256734
superkingdom	16	3.0628668282520293	717.284720910271	0.002776743366610736	1.0	0.5	0.6666666666666666	1.0	1.0	0.0	2.0	0.5	0.010522370638376235	0.015180571938381031	0.0013883716833053682
superkingdom	15	3.0628668282520293	717.284720910271	0.0	1.0	1.0	1.0	1.0	0.0	0.0	1.0	1.0	0.0	0.0	0.0
superkingdom	14	3.0628668282520293	717.284720910271	0.0	1.0	1.0	1.0	1.0	0.0	0.0	1.0	1.0	0.0	0.0	0.0
superkingdom	13	3.0628668282520293	717.284720910271	0.0	1.0	1.0	1.0	1.0	0.0	0.0	1.0	1.0	0.0	0.0	0.0
superkingdom	12	3.0628668282520293	717.284720910271	0.0010883508154221836	1.0	0.5	0.6666666666666666	1.0	1.0	0.0	2.0	0.5	0.004634179697479393	0.006685708068141838	0.0005441754077110918
superkingdom	11	3.0628668282520293	717.284720910271	0.0	1.0	1.0	1.0	1.0	0.0	0.0	1.0	1.0	0.0	0.0	0.0
superkingdom	10	3.0628668282520293	717.284720910271	0.0009754775869064147	1.0	0.5	0.6666666666666666	1.0	1.0	0.0	2.0	0.5	0.004206984449508952	0.0060693956024035515	0.00048773879345320736
superkingdom	1	3.0628668282520293	717.284720910271	0.0	1.0	1.0	1.0	1.0	0.0	0.0	1.0	1.0	0.0	0.0	0.0
superkingdom	0	3.0628668282520293	717.284720910271	0.0020998937995150534	1.0	0.5	0.6666666666666666	1.0	1.0	0.0	2.0	0.5	0.008250997769244145	0.011903673564074428	0.0010499468997575267
superkingdom	35	3.0628668282520293	717.284720910271	0.0	1.0	1.0	1.0	1.0	0.0	0.0	1.0	1.0	0.0	0.0	0.0
superkingdom	36	3.0628668282520293	717.284720910271	0.0	1.0	1.0	1.0	1.0	0.0	0.0	1.0	1.0	0.0	0.0	0.0
superkingdom	8	3.0628668282520293	717.284720910271	0.0	1.0	1.0	1.0	1.0	0.0	0.0	1.0	1.0	0.0	0.0	0.0
superkingdom	38	3.0628668282520293	717.284720910271	0.0	1.0	1.0	1.0	1.0	0.0	0.0	1.0	1.0	0.0	0.0	0.0
superkingdom	37	3.0628668282520293	717.284720910271	0.0	1.0	1.0	1.0	1.0	0.0	0.0	1.0	1.0	0.0	0.0	0.0
superkingdom	7	3.0628668282520293	717.284720910271	0.0	1.0	1.0	1.0	1.0	0.0	0.0	1.0	1.0	0.0	0.0	0.0
superkingdom	63	3.0628668282520293	717.284720910271	0.0	1.0	1.0	1.0	1.0	0.0	0.0	1.0	1.0	0.0	0.0	0.0
superkingdom	62	3.0628668282520293	717.284720910271	0.0	1.0	1.0	1.0	1.0	0.0	0.0	1.0	1.0	0.0	0.0	0.0
superkingdom	61	3.0628668282520293	717.284720910271	0.0	1.0	1.0	1.0	1.0	0.0	0.0	1.0	1.0	0.0	0.0	0.0
superkingdom	60	3.0628668282520293	717.284720910271	0.0	1.0	1.0	1.0	1.0	0.0	0.0	1.0	1.0	0.0	0.0	0.0
superkingdom	6	3.0628668282520293	717.284720910271	0.0	1.0	1.0	1.0	1.0	0.0	0.0	1.0	1.0	0.0	0.0	0.0
superkingdom	59	3.0628668282520293	717.284720910271	0.0	1.0	1.0	1.0	1.0	0.0	0.0	1.0	1.0	0.0	0.0	0.0
superkingdom	57	3.0628668282520293	717.284720910271	0.0	1.0	1.0	1.0	1.0	0.0	0.0	1.0	1.0	0.0	0.0	0.0
superkingdom	56	3.0628668282520293	717.284720910271	0.0	1.0	1.0	1.0	1.0	0.0	0.0	1.0	1.0	0.0	0.0	0.0
superkingdom	55	3.0628668282520293	717.284720910271	0.0	1.0	1.0	1.0	1.0	0.0	0.0	1.0	1.0	0.0	0.0	0.0
superkingdom	54	3.0628668282520293	717.284720910271	0.0	1.0	1.0	1.0	1.0	0.0	0.0	1.0	1.0	0.0	0.0	0.0
superkingdom	53	3.0628668282520293	717.284720910271	0.0	1.0	1.0	1.0	1.0	0.0	0.0	1.0	1.0	0.0	0.0	0.0
superkingdom	52	3.0628668282520293	717.284720910271	0.0	1.0	1.0	1.0	1.0	0.0	0.0	1.0	1.0	0.0	0.0	0.0
superkingdom	58	3.0628668282520293	717.284720910271	0.0	1.0	1.0	1.0	1.0	0.0	0.0	1.0	1.0	0.0	0.0	0.0
superkingdom	50	3.0628668282520293	717.284720910271	0.0	1.0	1.0	1.0	1.0	0.0	0.0	1.0	1.0	0.0	0.0	0.0
superkingdom	51	3.0628668282520293	717.284720910271	0.13756439868577763	1.0	0.5	0.6666666666666666	1.0	1.0	0.0	2.0	0.5	0.250477422852186	0.36136253580349664	0.06878219934288882
superkingdom	4	3.0628668282520293	717.284720910271	0.0	1.0	1.0	1.0	1.0	0.0	0.0	1.0	1.0	0.0	0.0	0.0
superkingdom	40	3.0628668282520293	717.284720910271	0.0	1.0	1.0	1.0	1.0	0.0	0.0	1.0	1.0	0.0	0.0	0.0
superkingdom	41	3.0628668282520293	717.284720910271	0.0	1.0	1.0	1.0	1.0	0.0	0.0	1.0	1.0	0.0	0.0	0.0
superkingdom	42	3.0628668282520293	717.284720910271	0.0	1.0	1.0	1.0	1.0	0.0	0.0	1.0	1.0	0.0	0.0	0.0
superkingdom	44	3.0628668282520293	717.284720910271	0.0	1.0	1.0	1.0	1.0	0.0	0.0	1.0	1.0	0.0	0.0	0.0
superkingdom	43	3.0628668282520293	717.284720910271	0.0	1.0	1.0	1.0	1.0	0.0	0.0	1.0	1.0	0.0	0.0	0.0
superkingdom	39	3.0628668282520293	717.284720910271	0.14436959944559338	1.0	0.5	0.6666666666666666	1.0	1.0	0.0	2.0	0.5	0.2592540306860217	0.37402450440119867	0.07218479972279669
superkingdom	46	3.0628668282520293	717.284720910271	0.0	1.0	1.0	1.0	1.0	0.0	0.0	1.0	1.0	0.0	0.0	0.0
superkingdom	47	3.0628668282520293	717.284720910271	0.0	1.0	1.0	1.0	1.0	0.0	0.0	1.0	1.0	0.0	0.0	0.0
superkingdom	48	3.0628668282520293	717.284720910271	0.0	1.0	1.0	1.0	1.0	0.0	0.0	1.0	1.0	0.0	0.0	0.0
superkingdom	49	3.0628668282520293	717.284720910271	0.0	1.0	1.0	1.0	1.0	0.0	0.0	1.0	1.0	0.0	0.0	0.0
superkingdom	5	3.0628668282520293	717.284720910271	0.0	1.0	1.0	1.0	1.0	0.0	0.0	1.0	1.0	0.0	0.0	0.0
superkingdom	45	3.0628668282520293	717.284720910271	0.0	1.0	1.0	1.0	1.0	0.0	0.0	1.0	1.0	0.0	0.0	0.0
phylum	28	3.0628668282520293	717.284720910271	0.4564554592185829	0.8	1.0	0.888888888888889	4.0	0.0	1.0	4.0	0.8	0.6741992956114422	0.48633199017473	0.22822772960929144
phylum	25	3.0628668282520293	717.284720910271	0.40107189698515955	0.8	1.0	0.888888888888889	4.0	0.0	1.0	4.0	0.8	0.8967651791275345	0.6468793383845985	0.20053594849257977
phylum	26	3.0628668282520293	717.284720910271	0.44360684334398137	1.0	0.8333333333333334	0.9090909090909091	5.0	1.0	0.0	6.0	0.8333333333333334	1.0468657971833129	0.5842669259810497	0.22180342167199069
phylum	27	3.0628668282520293	717.284720910271	0.3108801060825199	0.8	1.0	0.888888888888889	4.0	0.0	1.0	4.0	0.8	0.8627953049292566	0.6223752538618598	0.15544005304125996
phylum	29	3.0628668282520293	717.284720910271	0.5341062141282628	1.0	1.0	1.0	5.0	0.0	0.0	5.0	1.0	0.991063530708949	0.6157823939974627	0.2670531070641314
phylum	35	3.0628668282520293	717.284720910271	0.11281147563012169	0.75	0.75	0.75	3.0	1.0	1.0	4.0	0.6	0.5374517173816009	0.3876894636918462	0.05640573781506084
phylum	30	3.0628668282520293	717.284720910271	0.23226151642164694	1.0	1.0	1.0	5.0	0.0	0.0	5.0	1.0	0.8632397912564469	0.5363610392095775	0.11613075821082348
phylum	31	3.0628668282520293	717.284720910271	0.23590932677753151	1.0	1.0	1.0	5.0	0.0	0.0	5.0	1.0	0.7469828728292698	0.4641265544065252	0.11795466338876574
phylum	32	3.0628668282520293	717.284720910271	0.1667176122664712	0.8	1.0	0.888888888888889	4.0	0.0	1.0	4.0	0.8	0.5124547022556802	0.3696579288122501	0.0833588061332356
phylum	33	3.0628668282520293	717.284720910271	0.1765276593904818	0.8	1.0	0.888888888888889	4.0	0.0	1.0	4.0	0.8	0.9098451896737498	0.6563145715594986	0.0882638296952409
phylum	34	3.0628668282520293	717.284720910271	0.21514443031649072	1.0	1.0	1.0	4.0	0.0	0.0	4.0	1.0	0.8508437815554744	0.6137540521106477	0.10757221515824536
phylum	24	3.0628668282520293	717.284720910271	0.318339592651665	0.8	1.0	0.888888888888889	4.0	0.0	1.0	4.0	0.8	1.0553215623102503	0.7612535922440957	0.1591697963258325
phylum	3	3.0628668282520293	717.284720910271	0.12919349427333834	1.0	1.0	1.0	5.0	0.0	0.0	5.0	1.0	0.888107576404599	0.551812262867247	0.06459674713666917
phylum	23	3.0628668282520293	717.284720910271	0.3943911107443388	0.8	0.8	0.8000000000000002	4.0	1.0	1.0	5.0	0.6666666666666666	0.9015148874013565	0.5601426935680377	0.1971955553721694
phylum	1	3.0628668282520293	717.284720910271	0.10199172916698906	0.75	1.0	0.8571428571428571	3.0	0.0	1.0	3.0	0.75	0.6928312931871464	0.6306422204935398	0.05099586458349453
phylum	21	3.0628668282520293	717.284720910271	0.6014911838184296	1.0	1.0	1.0	4.0	0.0	0.0	4.0	1.0	1.0110626255379842	0.7293275179459124	0.3007455919092148
phylum	20	3.0628668282520293	717.284720910271	0.05424678646859102	0.8	0.8	0.8000000000000002	4.0	1.0	1.0	5.0	0.6666666666666666	0.35447163242994817	0.22024560853910063	0.02712339323429551
phylum	2	3.0628668282520293	717.284720910271	0.2615996909149834	1.0	1.0	1.0	7.0	0.0	0.0	7.0	1.0	0.829640476884793	0.4263508658339446	0.1307998454574917
phylum	19	3.0628668282520293	717.284720910271	0.038513401124229844	1.0	1.0	1.0	4.0	0.0	0.0	4.0	1.0	0.405366388669271	0.29241003933811266	0.019256700562114926
phylum	18	3.0628668282520293	717.284720910271	0.03191246076689055	0.8	0.8	0.8000000000000002	4.0	1.0	1.0	5.0	0.6666666666666666	0.26608086790083246	0.16532533864472845	0.015956230383445274
phylum	17	3.0628668282520293	717.284720910271	0.03253037701234627	0.8	0.8	0.8000000000000002	4.0	1.0	1.0	5.0	0.6666666666666666	0.5130184204266467	0.31875626668366597	0.016265188506173135
phylum	16	3.0628668282520293	717.284720910271	0.02494391034566899	0.8	0.8	0.8000000000000002	4.0	1.0	1.0	5.0	0.6666666666666666	0.14932629423784047	0.09278164325829795	0.012471955172834493
phylum	15	3.0628668282520293	717.284720910271	0.3469004563521038	1.0	1.0	1.0	4.0	0.0	0.0	4.0	1.0	0.7381779388345866	0.5324828258251474	0.17345022817605193
phylum	14	3.0628668282520293	717.284720910271	0.18006308855501857	1.0	1.0	1.0	4.0	0.0	0.0	4.0	1.0	0.5167643430325966	0.3727666775006851	0.09003154427750928
phylum	13	3.0628668282520293	717.284720910271	0.05154190401915708	0.8	0.8	0.8000000000000002	4.0	1.0	1.0	5.0	0.6666666666666666	0.20705658087772513	0.12865148712979832	0.02577095200957854
phylum	12	3.0628668282520293	717.284720910271	0.3704054604743795	1.0	0.8	0.888888888888889	4.0	1.0	0.0	5.0	0.8	0.7252538112088895	0.45062552932658445	0.18520273023718975
phylum	11	3.0628668282520293	717.284720910271	0.09647980723593104	0.8	1.0	0.888888888888889	4.0	0.0	1.0	4.0	0.8	0.38561663939465285	0.27816360666946666	0.04823990361796552
phylum	10	3.0628668282520293	717.284720910271	0.0999119307772381	1.0	0.7142857142857143	0.8333333333333333	5.0	2.0	0.0	7.0	0.7142857142857143	0.412420075237929	0.2119419930247796	0.04995596538861905
phylum	36	3.0628668282520293	717.284720910271	0.20501307875003438	1.0	1.0	1.0	4.0	0.0	0.0	4.0	1.0	0.9411170111963518	0.67887242247461	0.10250653937501719
phylum	22	3.0628668282520293	717.284720910271	0.19882746028517875	1.0	1.0	1.0	4.0	0.0	0.0	4.0	1.0	0.7208354484488355	0.5199728633870535	0.09941373014258938
phylum	37	3.0628668282520293	717.284720910271	0.0852967092396791	1.0	1.0	1.0	4.0	0.0	0.0	4.0	1.0	0.726987327213138	0.5244105058797581	0.042648354619839554
phylum	50	3.0628668282520293	717.284720910271	0.30957073194484563	0.8	0.6666666666666666	0.7272727272727272	4.0	2.0	1.0	6.0	0.5714285714285714	0.5359620404989883	0.29912611023057534	0.15478536597242282
phylum	39	3.0628668282520293	717.284720910271	0.21510887728380176	1.0	1.0	1.0	4.0	0.0	0.0	4.0	1.0	0.9836478915097733	0.7095519675310176	0.10755443864190088
phylum	0	3.0628668282520293	717.284720910271	0.014513945411026286	0.8	0.8	0.8000000000000002	4.0	1.0	1.0	5.0	0.6666666666666666	0.09050539358869367	0.05623416280272289	0.007256972705513144
phylum	8	3.0628668282520293	717.284720910271	1.007738	0.8	0.8	0.8000000000000002	4.0	1.0	1.0	5.0	0.6666666666666666	0.9433137973604031	0.586113816552105	0.503869
phylum	7	3.0628668282520293	717.284720910271	0.08674265805712497	1.0	0.6666666666666666	0.8	4.0	2.0	0.0	6.0	0.6666666666666666	0.4077077454878065	0.22754602528399615	0.043371329028562486
phylum	63	3.0628668282520293	717.284720910271	0.4500265683311435	1.0	1.0	1.0	4.0	0.0	0.0	4.0	1.0	1.1761660920842743	0.8484244941558672	0.22501328416557176
phylum	62	3.0628668282520293	717.284720910271	0.4262985827850899	1.0	1.0	1.0	5.0	0.0	0.0	5.0	1.0	1.1279907116952548	0.7008600350350211	0.21314929139254496
phylum	61	3.0628668282520293	717.284720910271	0.2524852589910717	1.0	1.0	1.0	5.0	0.0	0.0	5.0	1.0	0.8568054518633195	0.5323631593638143	0.12624262949553586
phylum	60	3.0628668282520293	717.284720910271	0.24142211433927716	0.8	1.0	0.888888888888889	4.0	0.0	1.0	4.0	0.8	0.532819139020202	0.38434776477758625	0.12071105716963858
phylum	6	3.0628668282520293	717.284720910271	0.2583542393876348	0.8	1.0	0.888888888888889	4.0	0.0	1.0	4.0	0.8	0.8181022256647732	0.5901360119533959	0.1291771196938174
phylum	59	3.0628668282520293	717.284720910271	0.2932044290295086	1.0	1.0	1.0	4.0	0.0	0.0	4.0	1.0	0.5117814701760917	0.3691722945209552	0.1466022145147543
phylum	58	3.0628668282520293	717.284720910271	0.2643427998855181	1.0	1.0	1.0	4.0	0.0	0.0	4.0	1.0	0.5784118904629479	0.4172359829810527	0.13217139994275906
phylum	57	3.0628668282520293	717.284720910271	0.24346081375282216	1.0	1.0	1.0	4.0	0.0	0.0	4.0	1.0	0.598410817164247	0.4316621591685857	0.12173040687641108
phylum	56	3.0628668282520293	717.284720910271	0.11344874297306073	0.75	1.0	0.8571428571428571	3.0	0.0	1.0	3.0	0.75	0.29634466892496714	0.26974454225724825	0.056724371486530374
phylum	55	3.0628668282520293	717.284720910271	0.12770902471992282	0.6	1.0	0.7499999999999999	3.0	0.0	2.0	3.0	0.6	0.31285732214998774	0.2847750069583481	0.06385451235996141
phylum	54	3.0628668282520293	717.284720910271	0.1383006638491886	1.0	1.0	1.0	4.0	0.0	0.0	4.0	1.0	0.683668945657975	0.49316289875527336	0.0691503319245943
phylum	53	3.0628668282520293	717.284720910271	0.16997689039986072	1.0	1.0	1.0	5.0	0.0	0.0	5.0	1.0	0.6914676827313755	0.42963302739998566	0.08498844519993036
phylum	52	3.0628668282520293	717.284720910271	0.8101080082816633	0.75	0.6	0.6666666666666665	3.0	2.0	1.0	5.0	0.5	0.8167376131555409	0.5074676114223716	0.40505400414083165
phylum	51	3.0628668282520293	717.284720910271	0.12134824226383215	0.8	1.0	0.888888888888889	4.0	0.0	1.0	4.0	0.8	1.0031644520888368	0.7236301901123294	0.06067412113191607
phylum	5	3.0628668282520293	717.284720910271	0.24269973117938623	0.8	1.0	0.888888888888889	4.0	0.0	1.0	4.0	0.8	0.7325178991320784	0.5283999702201257	0.12134986558969311
phylum	49	3.0628668282520293	717.284720910271	0.024197429784009752	0.8	0.8	0.8000000000000002	4.0	1.0	1.0	5.0	0.6666666666666666	0.7024192981706956	0.4364376486622976	0.012098714892004874
phylum	48	3.0628668282520293	717.284720910271	0.02837849599178174	1.0	1.0	1.0	5.0	0.0	0.0	5.0	1.0	0.9277287449778255	0.5764302790498681	0.01418924799589087
phylum	47	3.0628668282520293	717.284720910271	0.08263783724710622	1.0	1.0	1.0	5.0	0.0	0.0	5.0	1.0	0.9396601035935642	0.5838436489745853	0.04131891862355311
phylum	46	3.0628668282520293	717.284720910271	0.18612929696048033	0.8333333333333334	1.0	0.9090909090909091	5.0	0.0	1.0	5.0	0.8333333333333334	0.8487480378149542	0.5273568065333536	0.09306464848024017
phylum	45	3.0628668282520293	717.284720910271	0.10671441654403796	0.8	1.0	0.888888888888889	4.0	0.0	1.0	4.0	0.8	0.307339285358673	0.22169843142865778	0.05335720827201898
phylum	44	3.0628668282520293	717.284720910271	0.30587704070059313	1.0	1.0	1.0	4.0	0.0	0.0	4.0	1.0	0.9425424660731632	0.6799006708155033	0.15293852035029656
phylum	43	3.0628668282520293	717.284720910271	0.33900822794485974	1.0	1.0	1.0	4.0	0.0	0.0	4.0	1.0	0.8981174372207823	0.6478547864071638	0.16950411397242987
phylum	42	3.0628668282520293	717.284720910271	0.036612971780320434	1.0	1.0	1.0	4.0	0.0	0.0	4.0	1.0	0.9518806107887183	0.6866367183516208	0.018306485890160217
phylum	41	3.0628668282520293	717.284720910271	0.044463395866392676	1.0	0.8333333333333334	0.9090909090909091	5.0	1.0	0.0	6.0	0.8333333333333334	0.6561397596054064	0.3661985723385581	0.022231697933196338
phylum	40	3.0628668282520293	717.284720910271	0.27988032916779765	0.6666666666666666	1.0	0.8	4.0	0.0	2.0	4.0	0.6666666666666666	0.908965297473406	0.6556798635025222	0.1399401645838988
phylum	4	3.0628668282520293	717.284720910271	0.03145692514685558	1.0	1.0	1.0	4.0	0.0	0.0	4.0	1.0	0.8369571874729319	0.6037369919017866	0.015728462573427787
phylum	38	3.0628668282520293	717.284720910271	0.06126844779046205	1.0	0.8	0.888888888888889	4.0	1.0	0.0	5.0	0.8	0.5926492729719215	0.3682336972388104	0.030634223895231023
phylum	9	3.0628668282520293	717.284720910271	1.0914984733806663	0.8	0.8	0.8000000000000002	4.0	1.0	1.0	5.0	0.6666666666666666	0.6557298426498035	0.4074278588716002	0.545749236690333
class	0	3.0628668282520293	717.284720910271	0.14076287639536086	0.5	0.6666666666666666	0.5714285714285715	4.0	2.0	4.0	6.0	0.4	0.4588767902746938	0.25610401293003465	0.07038143819768042
class	9	3.0628668282520293	717.284720910271	1.112451807730619	0.625	0.5	0.5555555555555556	5.0	5.0	3.0	10.0	0.38461538461538464	0.7847995099605227	0.3408340965762311	0.5562259038653095
class	4	3.0628668282520293	717.284720910271	0.31235241720086465	0.7	0.7777777777777778	0.7368421052631577	7.0	2.0	3.0	9.0	0.5833333333333334	1.3981901924682218	0.6363437797347515	0.15617620860043235
class	40	3.0628668282520293	717.284720910271	0.3145460447846326	0.5833333333333334	0.875	0.7000000000000001	7.0	1.0	5.0	8.0	0.5384615384615384	1.0942280791752665	0.526212474475871	0.15727302239231633
class	41	3.0628668282520293	717.284720910271	0.35179599786978344	0.6923076923076923	0.8181818181818182	0.7500000000000001	9.0	2.0	4.0	11.0	0.6	1.232911356964789	0.5141639716091385	0.17589799893489172
class	42	3.0628668282520293	717.284720910271	0.11744829230190884	0.6666666666666666	0.8	0.7272727272727272	8.0	2.0	4.0	10.0	0.5714285714285714	1.0634292482346654	0.4618414544028386	0.05872414615095444
class	43	3.0628668282520293	717.284720910271	0.3566070722393828	0.75	0.75	0.75	6.0	2.0	2.0	8.0	0.6	1.003442128807884	0.48255366101673297	0.1783035361196914
class	44	3.0628668282520293	717.284720910271	0.3302605225821696	0.6	0.6666666666666666	0.631578947368421	6.0	3.0	4.0	9.0	0.46153846153846156	1.065520907459819	0.48493946338047583	0.1651302612910848
class	45	3.0628668282520293	717.284720910271	0.1372849015913841	0.4166666666666667	0.8333333333333334	0.5555555555555556	5.0	1.0	7.0	6.0	0.38461538461538464	0.3327818694702025	0.1857290976749101	0.06864245079569205
class	46	3.0628668282520293	717.284720910271	0.2235028320008839	0.7	0.7777777777777778	0.7368421052631577	7.0	2.0	3.0	9.0	0.5833333333333334	0.9045939517015487	0.41169844950406614	0.11175141600044196
class	47	3.0628668282520293	717.284720910271	0.10667646972292066	0.6428571428571429	0.8181818181818182	0.7200000000000001	9.0	2.0	5.0	11.0	0.5625	1.1808463854088442	0.49245119201172755	0.05333823486146033
class	48	3.0628668282520293	717.284720910271	0.0650298901558559	0.6153846153846154	0.8	0.6956521739130435	8.0	2.0	5.0	10.0	0.5333333333333333	1.0047439377715544	0.43635474789993023	0.03251494507792796
class	49	3.0628668282520293	717.284720910271	0.07057477722659816	0.5	0.7142857142857143	0.588235294117647	5.0	2.0	5.0	7.0	0.4166666666666667	0.7968841098189662	0.4095174230967611	0.03528738861329909
class	5	3.0628668282520293	717.284720910271	0.2981167043248033	0.5384615384615384	0.7777777777777778	0.6363636363636364	7.0	2.0	6.0	9.0	0.4666666666666667	0.8342277263661297	0.3796734002390854	0.14905835216240162
class	51	3.0628668282520293	717.284720910271	0.1890290372947222	0.6666666666666666	0.8	0.7272727272727272	8.0	2.0	4.0	10.0	0.5714285714285714	1.1583559302850766	0.5030675886027166	0.09451451864736111
class	39	3.0628668282520293	717.284720910271	0.276342032656428	0.5833333333333334	0.7777777777777778	0.6666666666666666	7.0	2.0	5.0	9.0	0.5	1.1616970309935462	0.5287111035331292	0.13817101632821396
class	52	3.0628668282520293	717.284720910271	0.8482897191048832	0.8333333333333334	0.5	0.625	5.0	5.0	1.0	10.0	0.45454545454545453	0.9717564941506507	0.4220284831632772	0.4241448595524416
class	54	3.0628668282520293	717.284720910271	0.37222143671258373	0.5454545454545454	0.75	0.631578947368421	6.0	2.0	5.0	8.0	0.46153846153846156	0.8764859243787414	0.4215006321700631	0.1861107183562919
class	55	3.0628668282520293	717.284720910271	0.1747056797593365	0.5555555555555556	1.0	0.7142857142857143	5.0	0.0	4.0	5.0	0.5555555555555556	0.34148053246054	0.21217378428975103	0.08735283987966827
class	56	3.0628668282520293	717.284720910271	0.14383169525271966	0.6	1.0	0.7499999999999999	6.0	0.0	4.0	6.0	0.6	0.3084593603773199	0.172154446885783	0.07191584762635982
class	57	3.0628668282520293	717.284720910271	0.29661159402726156	0.6363636363636364	0.7777777777777778	0.7000000000000001	7.0	2.0	4.0	9.0	0.5384615384615384	0.7616938450832308	0.346661808237491	0.1483057970136308
class	58	3.0628668282520293	717.284720910271	0.3146536896735681	0.6363636363636364	0.7777777777777778	0.7000000000000001	7.0	2.0	4.0	9.0	0.5384615384615384	0.7160315178058803	0.32587998750403246	0.15732684483678405
class	59	3.0628668282520293	717.284720910271	0.3205468809574094	0.625	0.8333333333333334	0.7142857142857143	5.0	1.0	3.0	6.0	0.5555555555555556	0.6006126921913361	0.335208325953538	0.16027344047870465
class	6	3.0628668282520293	717.284720910271	0.33635816023747844	0.6363636363636364	0.875	0.7368421052631579	7.0	1.0	4.0	8.0	0.5833333333333334	0.9197514131895959	0.44230693421974865	0.1681790801187392
class	60	3.0628668282520293	717.284720910271	0.28196559186779985	0.5454545454545454	0.8571428571428571	0.6666666666666665	6.0	1.0	5.0	7.0	0.5	0.6249859709590033	0.321179254480181	0.14098279593389984
class	61	3.0628668282520293	717.284720910271	0.2793674921862218	0.6363636363636364	0.875	0.7368421052631579	7.0	1.0	4.0	8.0	0.5833333333333334	0.9707285236291932	0.46682174236310064	0.13968374609311093
class	62	3.0628668282520293	717.284720910271	0.5701108081207029	0.7	0.7777777777777778	0.7368421052631577	7.0	2.0	3.0	9.0	0.5833333333333334	1.5425645079369863	0.7020513623632851	0.2850554040603514
class	63	3.0628668282520293	717.284720910271	0.5605686554909469	0.625	0.7142857142857143	0.6666666666666666	5.0	2.0	3.0	7.0	0.5	1.5323245361937263	0.7874590391224531	0.28028432774547346
class	7	3.0628668282520293	717.284720910271	0.27929876437234474	0.8	0.6666666666666666	0.7272727272727272	8.0	4.0	2.0	12.0	0.5714285714285714	0.9036957690789732	0.363673930831998	0.1396493821861724
class	8	3.0628668282520293	717.284720910271	1.0104680000000001	0.7142857142857143	0.5	0.588235294117647	5.0	5.0	2.0	10.0	0.4166666666666667	1.1187189797592156	0.485853479709863	0.5052340000000001
class	53	3.0628668282520293	717.284720910271	0.26527313938744446	0.7272727272727273	0.8	0.761904761904762	8.0	2.0	3.0	10.0	0.6153846153846154	0.7849600988445619	0.3409038394424243	0.13263656969372223
class	38	3.0628668282520293	717.284720910271	0.28868696237712216	0.7777777777777778	0.7	0.7368421052631577	7.0	3.0	2.0	10.0	0.5833333333333334	1.0886019303834245	0.4727738113547491	0.14434348118856108
class	50	3.0628668282520293	717.284720910271	0.32457451198299236	0.6363636363636364	0.5833333333333334	0.6086956521739131	7.0	5.0	4.0	12.0	0.4375	0.6291841500974835	0.25320232860705744	0.16228725599149618
class	36	3.0628668282520293	717.284720910271	0.2286782360858119	0.7272727272727273	0.8888888888888888	0.7999999999999999	8.0	1.0	3.0	9.0	0.6666666666666666	1.1027951572089048	0.5019037055128275	0.11433911804290595
class	37	3.0628668282520293	717.284720910271	0.23937725560344447	0.7	0.875	0.7777777777777777	7.0	1.0	3.0	8.0	0.6363636363636364	1.0092727099461496	0.48535757784795847	0.11968862780172225
class	10	3.0628668282520293	717.284720910271	0.3641180901437294	0.7777777777777778	0.6363636363636364	0.7000000000000001	7.0	4.0	2.0	11.0	0.5384615384615384	0.9044572800004552	0.377187982419659	0.1820590450718647
class	11	3.0628668282520293	717.284720910271	0.10497192349981431	0.6666666666666666	0.75	0.7058823529411765	6.0	2.0	3.0	8.0	0.5454545454545454	0.7009359883836069	0.3370789581405446	0.052485961749907176
class	12	3.0628668282520293	717.284720910271	0.4217148047441254	0.75	0.6666666666666666	0.7058823529411765	6.0	3.0	2.0	9.0	0.5454545454545454	1.1769915003980178	0.5356719165343263	0.2108574023720627
class	13	3.0628668282520293	717.284720910271	0.1694122435061937	0.6666666666666666	0.75	0.7058823529411765	6.0	2.0	3.0	8.0	0.5454545454545454	0.5724305859025607	0.275280922511596	0.08470612175309686
class	14	3.0628668282520293	717.284720910271	0.19157771413079253	0.625	0.5555555555555556	0.5882352941176471	5.0	4.0	3.0	9.0	0.4166666666666667	0.8438967934673228	0.3840739823192819	0.09578885706539626
class	15	3.0628668282520293	717.284720910271	0.364689935601733	0.6	0.6666666666666666	0.631578947368421	6.0	3.0	4.0	9.0	0.46153846153846156	1.2084360200116209	0.5499829341416955	0.18234496780086648
class	16	3.0628668282520293	717.284720910271	0.048591594591451764	0.5555555555555556	0.625	0.5882352941176471	5.0	3.0	4.0	8.0	0.4166666666666667	0.29112411399608407	0.14000110518178127	0.024295797295725875
class	17	3.0628668282520293	717.284720910271	0.0827348485386033	0.7142857142857143	0.625	0.6666666666666666	5.0	3.0	2.0	8.0	0.5	1.1112179139773462	0.5343828579473654	0.04136742426930165
class	18	3.0628668282520293	717.284720910271	0.22115736341445205	0.6666666666666666	0.6666666666666666	0.6666666666666666	6.0	3.0	3.0	9.0	0.5	0.9501678716193407	0.43244003431422834	0.11057868170722601
class	19	3.0628668282520293	717.284720910271	0.18481175249787488	0.75	0.75	0.75	6.0	2.0	2.0	8.0	0.6	1.019060479810297	0.49006450019608105	0.09240587624893742
class	2	3.0628668282520293	717.284720910271	0.3898661121988905	0.9166666666666666	0.8461538461538461	0.8799999999999999	11.0	2.0	1.0	13.0	0.7857142857142857	1.0306968622060253	0.4018390691448501	0.19493305609944525
class	20	3.0628668282520293	717.284720910271	0.22336608753290033	0.7272727272727273	0.7272727272727273	0.7272727272727273	8.0	3.0	3.0	11.0	0.5714285714285714	1.0502162239998025	0.4379741834071796	0.11168304376645018
class	21	3.0628668282520293	717.284720910271	0.7709045543859055	0.6666666666666666	0.6666666666666666	0.6666666666666666	6.0	3.0	3.0	9.0	0.5	1.2006680560962586	0.5464475814083033	0.38545227719295283
class	22	3.0628668282520293	717.284720910271	0.236622269282359	0.5555555555555556	0.8333333333333334	0.6666666666666667	5.0	1.0	4.0	6.0	0.5	0.8709277592190066	0.48607403737859356	0.11831113464117948
class	1	3.0628668282520293	717.284720910271	0.19663386015049208	0.5	0.75	0.6	3.0	1.0	3.0	4.0	0.42857142857142855	0.9960764364532686	0.7185172676087407	0.09831693007524607
class	31	3.0628668282520293	717.284720910271	0.24716236847965894	0.75	0.9	0.8181818181818182	9.0	1.0	3.0	10.0	0.6923076923076923	1.0028990767664028	0.4355535349455144	0.1235811842398295
class	24	3.0628668282520293	717.284720910271	0.33150323016971023	0.6666666666666666	0.8571428571428571	0.75	6.0	1.0	3.0	7.0	0.6	1.266841196767757	0.6510275910646616	0.16575161508485514
class	25	3.0628668282520293	717.284720910271	0.4289687793244566	0.6	0.8571428571428571	0.7058823529411764	6.0	1.0	4.0	7.0	0.5454545454545454	1.1315212325360222	0.581486885756439	0.21448438966222835
class	26	3.0628668282520293	717.284720910271	0.5890447539928435	0.7272727272727273	0.7272727272727273	0.7272727272727273	8.0	3.0	3.0	11.0	0.5714285714285714	1.3262764707374395	0.5531002482813439	0.29452237699642175
class	27	3.0628668282520293	717.284720910271	0.3215026758038882	0.5454545454545454	0.75	0.631578947368421	6.0	2.0	5.0	8.0	0.46153846153846156	1.0760809313705897	0.517485541094509	0.16075133790194412
class	28	3.0628668282520293	717.284720910271	0.47020756961111554	0.6666666666666666	0.8571428571428571	0.75	6.0	1.0	3.0	7.0	0.6	0.8370397768926463	0.4301533538426769	0.23510378480555777
class	29	3.0628668282520293	717.284720910271	0.7374323079474364	0.8888888888888888	0.8	0.8421052631578948	8.0	2.0	1.0	10.0	0.7272727272727273	1.3617589235888852	0.5914043861971647	0.36871615397371826
class	3	3.0628668282520293	717.284720910271	0.19797872767410166	0.75	0.75	0.75	6.0	2.0	2.0	8.0	0.6	0.9759107101956936	0.46931384731658454	0.09898936383705084
class	30	3.0628668282520293	717.284720910271	0.23913482402033928	0.8	0.8	0.8000000000000002	8.0	2.0	2.0	10.0	0.6666666666666666	1.0844658845950268	0.4709775494919488	0.11956741201016963
class	23	3.0628668282520293	717.284720910271	0.5190100482848432	0.7	0.7777777777777778	0.7368421052631577	7.0	2.0	3.0	9.0	0.5833333333333334	1.116225504948066	0.5080161201825393	0.2595050241424216
class	32	3.0628668282520293	717.284720910271	0.2504369522046883	0.6666666666666666	0.6666666666666666	0.6666666666666666	6.0	3.0	3.0	9.0	0.5	0.8147932939650759	0.370828408879752	0.12521847610234416
class	33	3.0628668282520293	717.284720910271	0.22592927312864985	0.5454545454545454	0.75	0.631578947368421	6.0	2.0	5.0	8.0	0.46153846153846156	1.1268629815528641	0.5419065450825562	0.11296463656432493
class	34	3.0628668282520293	717.284720910271	0.2991083899098489	0.75	0.8571428571428571	0.7999999999999999	6.0	1.0	2.0	7.0	0.6666666666666666	1.2011978873748232	0.6172936031799682	0.14955419495492447
class	35	3.0628668282520293	717.284720910271	0.2892400623466384	0.7	0.7	0.7	7.0	3.0	3.0	10.0	0.5384615384615384	1.0236674994314285	0.44457314630676953	0.14462003117331926
order	47	3.0628668282520293	717.284720910271	0.1374838731502444	0.6111111111111112	0.8461538461538461	0.7096774193548387	11.0	2.0	7.0	13.0	0.55	1.186348517639237	0.46252317387401953	0.06874193657512218
order	48	3.0628668282520293	717.284720910271	0.06370805597230113	0.7058823529411765	0.9230769230769231	0.8000000000000002	12.0	1.0	5.0	13.0	0.6666666666666666	1.017156621267276	0.39656011854905754	0.03185402798615056
order	39	3.0628668282520293	717.284720910271	0.25103997930508515	0.6666666666666666	0.9090909090909091	0.7692307692307692	10.0	1.0	5.0	11.0	0.625	1.1988187708592792	0.4999462588957208	0.12551998965254263
order	5	3.0628668282520293	717.284720910271	0.2935120267585999	0.6666666666666666	0.9090909090909091	0.7692307692307692	10.0	1.0	5.0	11.0	0.625	0.8626414208905729	0.3597494146956054	0.14675601337929994
order	49	3.0628668282520293	717.284720910271	0.07147196729045194	0.45454545454545453	0.7142857142857143	0.5555555555555556	5.0	2.0	6.0	7.0	0.38461538461538464	0.7968841098189662	0.4095174230967611	0.03573598364522597
order	46	3.0628668282520293	717.284720910271	0.21935683200088402	0.75	0.8181818181818182	0.7826086956521738	9.0	2.0	3.0	11.0	0.6428571428571429	0.91542299121838	0.38176103919253784	0.10967841600044201
order	4	3.0628668282520293	717.284720910271	0.3039090315997937	0.7272727272727273	0.8	0.761904761904762	8.0	2.0	3.0	10.0	0.6153846153846154	1.4021135741881112	0.6089301882715423	0.15195451579989686
order	44	3.0628668282520293	717.284720910271	0.31362052258216955	0.6923076923076923	0.75	0.7199999999999999	9.0	3.0	4.0	12.0	0.5625	1.1015640180103863	0.44330197196919496	0.15681026129108475
order	43	3.0628668282520293	717.284720910271	0.34880908003737504	0.7777777777777778	0.7	0.7368421052631577	7.0	3.0	2.0	10.0	0.5833333333333334	1.029217421657544	0.4469834469045637	0.17440454001868752
order	42	3.0628668282520293	717.284720910271	0.10639636724648127	0.6666666666666666	0.9090909090909091	0.7692307692307692	10.0	1.0	5.0	11.0	0.625	1.0905551699592984	0.4547968305082016	0.053198183623240636
order	41	3.0628668282520293	717.284720910271	0.33980779872060923	0.6666666666666666	0.7142857142857143	0.689655172413793	10.0	4.0	5.0	14.0	0.5263157894736842	1.2418087356764087	0.4705501171728804	0.16990389936030462
order	40	3.0628668282520293	717.284720910271	0.28991804478463257	0.6428571428571429	1.0	0.782608695652174	9.0	0.0	5.0	9.0	0.6428571428571429	1.1223410541487526	0.5107994265699549	0.14495902239231634
order	50	3.0628668282520293	717.284720910271	0.3257005119829921	0.5384615384615384	0.5384615384615384	0.5384615384615384	7.0	6.0	6.0	13.0	0.3684210526315789	0.6304413267026813	0.24579094509944344	0.16285025599149608
order	45	3.0628668282520293	717.284720910271	0.13669490041138177	0.42857142857142855	1.0	0.6	6.0	0.0	8.0	6.0	0.42857142857142855	0.3327818694702025	0.1857290976749101	0.0683474502056909
order	51	3.0628668282520293	717.284720910271	0.146365727008312	0.7222222222222222	0.9285714285714286	0.8125000000000001	13.0	1.0	5.0	14.0	0.6842105263157895	1.2377322462041245	0.46900544081191686	0.073182863504156
order	58	3.0628668282520293	717.284720910271	0.2853441111927386	0.6875	0.8461538461538461	0.7586206896551724	11.0	2.0	5.0	13.0	0.6111111111111112	0.7467449986871851	0.2911344025233384	0.14267205559636928
order	53	3.0628668282520293	717.284720910271	0.25800904563635213	0.7692307692307693	0.9090909090909091	0.8333333333333333	10.0	1.0	3.0	11.0	0.7142857142857143	0.7894122084735459	0.32921046111921853	0.129004522818176
order	54	3.0628668282520293	717.284720910271	0.37056419343984986	0.6666666666666666	0.8888888888888888	0.761904761904762	8.0	1.0	4.0	9.0	0.6153846153846154	0.8774232205259646	0.3993325168379915	0.18528209671992502
order	55	3.0628668282520293	717.284720910271	0.1747056797593365	0.5	1.0	0.6666666666666666	5.0	0.0	5.0	5.0	0.5	0.34148053246054	0.21217378428975103	0.08735283987966826
order	56	3.0628668282520293	717.284720910271	0.14383169525271988	0.7	1.0	0.8235294117647058	7.0	0.0	3.0	7.0	0.7	0.31002076579225046	0.15931915764083823	0.07191584762635994
order	57	3.0628668282520293	717.284720910271	0.2716696858674157	0.6666666666666666	0.8333333333333334	0.7407407407407408	10.0	2.0	5.0	12.0	0.5882352941176471	0.7803170563003747	0.3140226842593654	0.13583484293370782
order	59	3.0628668282520293	717.284720910271	0.32315965815059144	0.5833333333333334	0.875	0.7000000000000001	7.0	1.0	5.0	8.0	0.5384615384615384	0.6129625086584223	0.2947726571641214	0.16157982907529572
order	6	3.0628668282520293	717.284720910271	0.33050230753477483	0.7142857142857143	1.0	0.8333333333333333	10.0	0.0	4.0	10.0	0.7142857142857143	0.9348949022088093	0.40601969718876607	0.16525115376738742
order	60	3.0628668282520293	717.284720910271	0.2676470727308318	0.6	0.9	0.7200000000000001	9.0	1.0	6.0	10.0	0.5625	0.6478644797914533	0.281363968594549	0.13382353636541588
order	61	3.0628668282520293	717.284720910271	0.26348856943662935	0.6428571428571429	0.9	0.75	9.0	1.0	5.0	10.0	0.6	0.9995930482031439	0.43411774498347655	0.13174428471831467
order	62	3.0628668282520293	717.284720910271	0.5783041819130359	0.6153846153846154	0.7272727272727273	0.6666666666666667	8.0	3.0	5.0	11.0	0.5	1.5519119515626791	0.6471975524400532	0.28915209095651806
order	63	3.0628668282520293	717.284720910271	0.5707823108793254	0.7	0.7777777777777778	0.7368421052631577	7.0	2.0	3.0	9.0	0.5833333333333334	1.5470446461580512	0.7040903611380468	0.2853911554396627
order	7	3.0628668282520293	717.284720910271	0.2818423057097299	0.8461538461538461	0.6875	0.7586206896551724	11.0	5.0	2.0	16.0	0.6111111111111112	0.9183888320418	0.331238753398628	0.1409211528548649
order	8	3.0628668282520293	717.284720910271	1.0104679999999997	0.7142857142857143	0.4166666666666667	0.5263157894736842	5.0	7.0	2.0	12.0	0.35714285714285715	1.129494842380826	0.4545421625706498	0.505234
order	52	3.0628668282520293	717.284720910271	0.848490410314192	0.7142857142857143	0.45454545454545453	0.5555555555555556	5.0	6.0	2.0	11.0	0.38461538461538464	0.9763025228988159	0.4071497758780182	0.42424520515709596
order	37	3.0628668282520293	717.284720910271	0.2683287294642101	0.75	0.9	0.8181818181818182	9.0	1.0	3.0	10.0	0.6923076923076923	1.0163691757512314	0.4414035246053161	0.13416436473210508
order	9	3.0628668282520293	717.284720910271	1.1128458073366192	0.5555555555555556	0.4166666666666667	0.4761904761904762	5.0	7.0	4.0	12.0	0.3125	0.7922347869612993	0.31881873189437065	0.5564229036683096
order	38	3.0628668282520293	717.284720910271	0.2759228870300432	0.8181818181818182	0.6923076923076923	0.7500000000000001	9.0	4.0	2.0	13.0	0.6	1.1015583507886544	0.4294659259389191	0.13796144351502165
order	0	3.0628668282520293	717.284720910271	0.1365127077878837	0.6666666666666666	0.8571428571428571	0.75	6.0	1.0	3.0	7.0	0.6	0.48489846011793697	0.2491885148722525	0.06825635389394186
order	1	3.0628668282520293	717.284720910271	0.19663539682495526	0.5714285714285714	0.8	0.6666666666666666	4.0	1.0	3.0	5.0	0.5	1.0023965791623408	0.6228240129166118	0.09831769841247762
order	10	3.0628668282520293	717.284720910271	0.36442964331943256	0.7692307692307693	0.7142857142857143	0.7407407407407408	10.0	4.0	3.0	14.0	0.5882352941176471	0.9306760819966633	0.3526547421129136	0.18221482165971628
order	11	3.0628668282520293	717.284720910271	0.1049719234998145	0.6666666666666666	0.75	0.7058823529411765	6.0	2.0	3.0	8.0	0.5454545454545454	0.700935988383607	0.33707895814054467	0.05248596174990725
order	12	3.0628668282520293	717.284720910271	0.4217148047441254	0.75	0.5454545454545454	0.631578947368421	6.0	5.0	2.0	11.0	0.46153846153846156	1.1812841461108439	0.492633752404154	0.21085740237206274
order	13	3.0628668282520293	717.284720910271	0.17328430860968058	0.7	0.6363636363636364	0.6666666666666666	7.0	4.0	3.0	11.0	0.5	0.6095378957499563	0.2541970463283072	0.0866421543048403
order	14	3.0628668282520293	717.284720910271	0.19231787525263133	0.6	0.6	0.6	6.0	4.0	4.0	10.0	0.42857142857142855	0.848903561419352	0.36867413239244273	0.09615893762631568
order	15	3.0628668282520293	717.284720910271	0.36520402235272187	0.6	0.6	0.6	6.0	4.0	4.0	10.0	0.42857142857142855	1.2105278326724631	0.5257255579199537	0.18260201117636093
order	36	3.0628668282520293	717.284720910271	0.23236871844227214	0.6666666666666666	1.0	0.8	10.0	0.0	5.0	10.0	0.6666666666666666	1.1129310743807597	0.4833398243422214	0.11618435922113608
order	17	3.0628668282520293	717.284720910271	0.08332601899777378	0.6666666666666666	0.6	0.631578947368421	6.0	4.0	3.0	10.0	0.46153846153846156	1.1171123827542924	0.4851557434959825	0.041663009498886884
order	18	3.0628668282520293	717.284720910271	0.2250239730686015	0.5	0.5	0.5	5.0	5.0	5.0	10.0	0.3333333333333333	0.9522580370380295	0.41356041083363854	0.11251198653430075
order	19	3.0628668282520293	717.284720910271	0.19530979808145368	0.625	0.625	0.625	5.0	3.0	3.0	8.0	0.45454545454545453	1.019060479810297	0.49006450019608105	0.09765489904072683
order	2	3.0628668282520293	717.284720910271	0.35948397718936836	0.8571428571428571	0.75	0.7999999999999999	12.0	4.0	2.0	16.0	0.6666666666666666	1.0512556794242816	0.37916033885294226	0.1797419885946842
order	20	3.0628668282520293	717.284720910271	0.22968784732749725	0.5833333333333334	0.6363636363636364	0.6086956521739131	7.0	4.0	5.0	11.0	0.4375	1.0502162239998025	0.4379741834071796	0.11484392366374858
order	21	3.0628668282520293	717.284720910271	0.7469904310131035	0.7	0.7	0.7	7.0	3.0	3.0	10.0	0.5384615384615384	1.2021393282263428	0.5220824767275827	0.3734952155065516
order	16	3.0628668282520293	717.284720910271	0.0488860890045044	0.5454545454545454	0.6	0.5714285714285713	6.0	4.0	5.0	10.0	0.4	0.3139853545137963	0.136362106863778	0.024443044502252192
order	23	3.0628668282520293	717.284720910271	0.5091801122068366	0.7857142857142857	0.7857142857142857	0.7857142857142857	11.0	3.0	3.0	14.0	0.6470588235294118	1.1402907275517238	0.43208259053544845	0.25459005610341817
order	22	3.0628668282520293	717.284720910271	0.23340827249635573	0.5454545454545454	0.8571428571428571	0.6666666666666665	6.0	1.0	5.0	7.0	0.5	0.8774945297994077	0.4509429843024394	0.11670413624817787
order	35	3.0628668282520293	717.284720910271	0.317013282953338	0.7272727272727273	0.5333333333333333	0.6153846153846153	8.0	7.0	3.0	15.0	0.4444444444444444	1.0664937074235679	0.39382346272217983	0.15850664147666907
order	34	3.0628668282520293	717.284720910271	0.31043621840897995	0.8	0.8888888888888888	0.8421052631578948	8.0	1.0	2.0	9.0	0.7272727272727273	1.218650963764758	0.5546319553926417	0.15521810920448997
order	33	3.0628668282520293	717.284720910271	0.23130927312864974	0.6153846153846154	0.8888888888888888	0.7272727272727274	8.0	1.0	5.0	9.0	0.5714285714285714	1.1657101114070685	0.5305375351391272	0.11565463656432487
order	31	3.0628668282520293	717.284720910271	0.24193437688517702	0.6923076923076923	0.75	0.7199999999999999	9.0	3.0	4.0	12.0	0.5625	1.0083870369364134	0.4058047963381014	0.12096718844258848
order	30	3.0628668282520293	717.284720910271	0.23965890767999182	0.6666666666666666	0.6153846153846154	0.64	8.0	5.0	4.0	13.0	0.47058823529411764	1.091516713997842	0.4255509804989239	0.11982945383999591
order	32	3.0628668282520293	717.284720910271	0.25996260261110515	0.8	0.6666666666666666	0.7272727272727272	8.0	4.0	2.0	12.0	0.5714285714285714	0.8360457550036403	0.3364495624312356	0.12998130130555255
order	29	3.0628668282520293	717.284720910271	0.6933789910498805	0.8	0.7272727272727273	0.761904761904762	8.0	3.0	2.0	11.0	0.6153846153846154	1.368426793228968	0.5706782980692892	0.34668949552494027
order	28	3.0628668282520293	717.284720910271	0.4668815729371122	0.7	1.0	0.8235294117647058	7.0	0.0	3.0	7.0	0.7	0.8370397768926464	0.43015335384267694	0.23344078646855607
order	27	3.0628668282520293	717.284720910271	0.3195206320861843	0.5714285714285714	0.8888888888888888	0.6956521739130435	8.0	1.0	6.0	9.0	0.5333333333333333	1.078135072066932	0.4906804170987369	0.15976031604309218
order	26	3.0628668282520293	717.284720910271	0.5392801686577393	0.6923076923076923	0.75	0.7199999999999999	9.0	3.0	4.0	12.0	0.5625	1.3286729907437769	0.5346973460178605	0.26964008432886977
order	25	3.0628668282520293	717.284720910271	0.4271395879565009	0.5714285714285714	0.8888888888888888	0.6956521739130435	8.0	1.0	6.0	9.0	0.5333333333333333	1.1509687145250649	0.52382843629049	0.21356979397825043
order	24	3.0628668282520293	717.284720910271	0.33071944653464347	0.5833333333333334	0.875	0.7000000000000001	7.0	1.0	5.0	8.0	0.5384615384615384	1.2748896785473691	0.6130923389736047	0.16535972326732173
order	3	3.0628668282520293	717.284720910271	0.19532193011971422	0.7	0.7777777777777778	0.7368421052631577	7.0	2.0	3.0	9.0	0.5833333333333334	0.977149047547522	0.44471969666940353	0.09766096505985712
family	28	3.0628668282520293	717.284720910271	0.6165897478718013	0.5833333333333334	0.9333333333333333	0.7179487179487181	14.0	1.0	10.0	15.0	0.56	1.5327738893708256	0.5660064531842753	0.3082948739359006
family	24	3.0628668282520293	717.284720910271	0.532447225116842	0.5384615384615384	0.9333333333333333	0.6829268292682926	14.0	1.0	12.0	15.0	0.5185185185185185	1.95472084016125	0.7218185391709704	0.2662236125584209
family	25	3.0628668282520293	717.284720910271	0.6541466113243807	0.5925925925925926	0.8421052631578947	0.6956521739130435	16.0	3.0	11.0	19.0	0.5333333333333333	1.917114577585476	0.6510967254373885	0.3270733056621904
family	26	3.0628668282520293	717.284720910271	0.595443882518836	0.7272727272727273	0.7272727272727273	0.7272727272727273	16.0	6.0	6.0	22.0	0.5714285714285714	1.4287907968082518	0.46223590208407445	0.2977219412594181
family	27	3.0628668282520293	717.284720910271	0.42791509321353716	0.5555555555555556	1.0	0.7142857142857143	15.0	0.0	12.0	15.0	0.5555555555555556	1.6832852239497793	0.6215856793440023	0.2139575466067685
family	29	3.0628668282520293	717.284720910271	0.7745293859024673	0.7222222222222222	0.6842105263157895	0.7027027027027027	13.0	6.0	5.0	19.0	0.5416666666666666	1.4741714534090258	0.500662932341141	0.38726469295123356
family	35	3.0628668282520293	717.284720910271	0.301185688011062	0.6666666666666666	0.41379310344827586	0.5106382978723404	12.0	17.0	6.0	29.0	0.34285714285714286	1.2037315334367296	0.3574772144215095	0.15059284400553094
family	30	3.0628668282520293	717.284720910271	0.3050638449190328	0.6	0.7142857142857143	0.6521739130434783	15.0	6.0	10.0	21.0	0.4838709677419355	1.6527104771747985	0.5428471988567874	0.15253192245951644
family	31	3.0628668282520293	717.284720910271	0.31813983819036684	0.6	0.8333333333333334	0.6976744186046512	15.0	3.0	10.0	18.0	0.5357142857142857	1.5487945593176133	0.535846143350413	0.15906991909518337
family	32	3.0628668282520293	717.284720910271	0.23754819824562223	0.7333333333333333	0.4230769230769231	0.5365853658536585	11.0	15.0	4.0	26.0	0.36666666666666664	0.9360677790419313	0.2873051084024568	0.11877409912281113
family	33	3.0628668282520293	717.284720910271	0.4028944211355236	0.5769230769230769	0.9375	0.7142857142857143	15.0	1.0	11.0	16.0	0.5555555555555556	1.8854703804338802	0.6800396918987466	0.20144721056776177
family	34	3.0628668282520293	717.284720910271	0.49085695289922376	0.64	0.8421052631578947	0.7272727272727272	16.0	3.0	9.0	19.0	0.5714285714285714	2.011746650973473	0.683235979827638	0.24542847644961183
family	3	3.0628668282520293	717.284720910271	0.34926341747444234	0.7	0.8235294117647058	0.7567567567567567	14.0	3.0	6.0	17.0	0.6086956521739131	1.5407364111573032	0.5438123515793847	0.17463170873722114
family	23	3.0628668282520293	717.284720910271	0.5417494064643212	0.7083333333333334	0.7727272727272727	0.7391304347826088	17.0	5.0	7.0	22.0	0.5862068965517241	1.2701974694513152	0.4109285099178393	0.2708747032321607
family	1	3.0628668282520293	717.284720910271	0.4139866080303707	0.5294117647058824	0.8181818181818182	0.6428571428571428	9.0	2.0	8.0	11.0	0.47368421052631576	1.4291186718060929	0.5959887773323376	0.20699330401518534
family	21	3.0628668282520293	717.284720910271	0.7607462597434284	0.6190476190476191	0.7647058823529411	0.6842105263157895	13.0	4.0	8.0	17.0	0.52	1.2685392403767142	0.44773869325371357	0.38037312987171407
family	20	3.0628668282520293	717.284720910271	0.33562074210812953	0.6521739130434783	0.8333333333333334	0.7317073170731708	15.0	3.0	8.0	18.0	0.5769230769230769	1.453504860215014	0.5028781699946401	0.16781037105406474
family	2	3.0628668282520293	717.284720910271	0.42636976374540453	0.6363636363636364	0.5185185185185185	0.5714285714285714	14.0	13.0	8.0	27.0	0.4	1.3171663966073386	0.39964550739557403	0.21318488187270218
family	19	3.0628668282520293	717.284720910271	0.3654586088021858	0.7058823529411765	0.8	0.7500000000000001	12.0	3.0	5.0	15.0	0.6	1.4601575475907118	0.539191462180579	0.18272930440109286
family	18	3.0628668282520293	717.284720910271	0.22302389421631486	0.375	0.5	0.42857142857142855	6.0	6.0	10.0	12.0	0.2727272727272727	1.0865955695809169	0.43727822518951354	0.11151194710815746
family	17	3.0628668282520293	717.284720910271	0.28236379411717344	0.6111111111111112	0.6875	0.6470588235294118	11.0	5.0	7.0	16.0	0.4782608695652174	1.5420954359860484	0.556193359518644	0.14118189705858672
family	16	3.0628668282520293	717.284720910271	0.056248136258137175	0.4375	0.5384615384615384	0.4827586206896552	7.0	6.0	9.0	13.0	0.3181818181818182	0.3371093224039824	0.13142923131145587	0.028124068129068595
family	15	3.0628668282520293	717.284720910271	0.4127279491291896	0.6086956521739131	0.7368421052631579	0.6666666666666666	14.0	5.0	9.0	19.0	0.5	1.6869106738307582	0.5729141224411844	0.2063639745645948
family	14	3.0628668282520293	717.284720910271	0.28033770345180004	0.6190476190476191	0.7647058823529411	0.6842105263157895	13.0	4.0	8.0	17.0	0.52	1.392335906406724	0.49143348464304615	0.14016885172590005
family	13	3.0628668282520293	717.284720910271	0.188909078385602	0.7058823529411765	0.6	0.6486486486486486	12.0	8.0	5.0	20.0	0.48	0.7139562029770387	0.238324435491038	0.09445453919280102
family	12	3.0628668282520293	717.284720910271	0.4814188276096095	0.7	0.6666666666666666	0.6829268292682926	14.0	7.0	6.0	21.0	0.5185185185185185	1.4908870564412458	0.48969488218194046	0.24070941380480473
family	11	3.0628668282520293	717.284720910271	0.14734424785080347	0.7894736842105263	0.8823529411764706	0.8333333333333333	15.0	2.0	4.0	17.0	0.7142857142857143	1.1215814484393094	0.39586904063976314	0.07367212392540175
family	10	3.0628668282520293	717.284720910271	0.39916959107134525	0.6086956521739131	0.6666666666666666	0.6363636363636365	14.0	7.0	9.0	21.0	0.4666666666666667	1.0098440172234406	0.33169209223452567	0.19958479553567257
family	36	3.0628668282520293	717.284720910271	0.32229808478301414	0.6071428571428571	0.9444444444444444	0.7391304347826088	17.0	1.0	11.0	18.0	0.5862068965517241	1.8154185631867439	0.6280917180384248	0.16114904239150704
family	22	3.0628668282520293	717.284720910271	0.4647874516755712	0.5	0.9166666666666666	0.6470588235294118	11.0	1.0	11.0	12.0	0.4782608695652174	1.5730150274959314	0.6330278152018841	0.23239372583778553
family	37	3.0628668282520293	717.284720910271	0.3598354351323686	0.6666666666666666	0.9	0.7659574468085106	18.0	2.0	9.0	20.0	0.6206896551724138	1.6524032595394154	0.5515857588899573	0.1799177175661843
family	0	3.0628668282520293	717.284720910271	0.15049788867485941	0.625	0.6666666666666666	0.6451612903225806	10.0	5.0	6.0	15.0	0.47619047619047616	0.5540004030906406	0.20457538152917384	0.07524894433742971
family	39	3.0628668282520293	717.284720910271	0.3075934174879484	0.6666666666666666	1.0	0.8	18.0	0.0	9.0	18.0	0.6666666666666666	1.8916782679297819	0.6544757651890051	0.1537967087439742
family	9	3.0628668282520293	717.284720910271	1.2628760341172502	0.5294117647058824	0.5	0.5142857142857143	9.0	9.0	8.0	18.0	0.34615384615384615	1.5541365371516536	0.5376943408424645	0.6314380170586249
family	8	3.0628668282520293	717.284720910271	1.317702781256687	0.6	0.4090909090909091	0.4864864864864865	9.0	13.0	6.0	22.0	0.32142857142857145	1.9927323038452844	0.6446796942825054	0.6588513906283435
family	7	3.0628668282520293	717.284720910271	0.35700920544293807	0.6666666666666666	0.4827586206896552	0.56	14.0	15.0	7.0	29.0	0.3888888888888889	1.125425073191454	0.3342222156928738	0.17850460272146906
family	63	3.0628668282520293	717.284720910271	0.6317621003067366	0.7647058823529411	0.65	0.7027027027027027	13.0	7.0	4.0	20.0	0.5416666666666666	1.8104168403930134	0.6043319880001237	0.31588105015336837
family	62	3.0628668282520293	717.284720910271	0.6951261448531462	0.6363636363636364	0.6086956521739131	0.6222222222222223	14.0	9.0	8.0	23.0	0.45161290322580644	1.8430205913690123	0.5877926937342045	0.3475630724265732
family	61	3.0628668282520293	717.284720910271	0.38964605550182213	0.5925925925925926	0.8	0.6808510638297872	16.0	4.0	11.0	20.0	0.5161290322580645	1.7970755459036365	0.5998785544916782	0.19482302775091112
family	60	3.0628668282520293	717.284720910271	0.40624236220438936	0.5714285714285714	0.8888888888888888	0.6956521739130435	16.0	2.0	12.0	18.0	0.5333333333333333	1.385770205786642	0.4794435878363662	0.20312118110219485
family	6	3.0628668282520293	717.284720910271	0.970687721524319	0.5517241379310345	0.9411764705882353	0.6956521739130435	16.0	1.0	13.0	17.0	0.5333333333333333	1.3122955095389663	0.46318273641200525	0.4853438607621595
family	59	3.0628668282520293	717.284720910271	0.431236798828292	0.5555555555555556	0.8823529411764706	0.6818181818181819	15.0	2.0	12.0	17.0	0.5172413793103449	1.267612490385137	0.44741159116889473	0.2156183994141459
family	58	3.0628668282520293	717.284720910271	0.3919752717534793	0.6176470588235294	0.9545454545454546	0.75	21.0	1.0	13.0	22.0	0.6	1.6048360488807365	0.5191892615829766	0.19598763587673954
family	57	3.0628668282520293	717.284720910271	0.37563494198014863	0.6129032258064516	0.95	0.7450980392156863	19.0	1.0	12.0	20.0	0.59375	1.49534717458309	0.49915914976243286	0.1878174709900743
family	56	3.0628668282520293	717.284720910271	1.578136440343543	0.6521739130434783	1.0	0.7894736842105263	15.0	0.0	8.0	15.0	0.6521739130434783	0.41763203200156807	0.15421871863069106	0.7890682201717715
family	55	3.0628668282520293	717.284720910271	1.6128431078034113	0.4782608695652174	1.0	0.6470588235294118	11.0	0.0	12.0	11.0	0.4782608695652174	0.43381178506924767	0.1809135661554495	0.8064215539017059
family	54	3.0628668282520293	717.284720910271	0.9765430063869641	0.5925925925925926	1.0	0.7441860465116279	16.0	0.0	11.0	16.0	0.5925925925925926	1.1552434894516364	0.41666601331278436	0.488271503193482
family	53	3.0628668282520293	717.284720910271	0.9548538647457905	0.5714285714285714	0.9411764705882353	0.7111111111111111	16.0	1.0	12.0	17.0	0.5517241379310345	1.0828471386860423	0.38219752880867297	0.47742693237289513
family	52	3.0628668282520293	717.284720910271	1.1313167280866714	0.6666666666666666	0.45454545454545453	0.5405405405405405	10.0	12.0	5.0	22.0	0.37037037037037035	1.9802398084050372	0.6406381789591961	0.5656583640433355
family	50	3.0628668282520293	717.284720910271	0.7606584522415093	0.5714285714285714	0.5714285714285714	0.5714285714285714	12.0	9.0	9.0	21.0	0.4	1.4921594967239027	0.4901128263123205	0.38032922612075487
family	5	3.0628668282520293	717.284720910271	1.1981782658336828	0.5517241379310345	0.9411764705882353	0.6956521739130435	16.0	1.0	13.0	17.0	0.5333333333333333	1.1532100680334747	0.40703255561491275	0.5990891329168414
family	49	3.0628668282520293	717.284720910271	0.37195481623511634	0.47368421052631576	0.8181818181818182	0.6	9.0	2.0	10.0	11.0	0.42857142857142855	1.1929918466791811	0.4975162427702467	0.1859774081175582
family	48	3.0628668282520293	717.284720910271	0.42700530491915073	0.5757575757575758	0.95	0.7169811320754716	19.0	1.0	14.0	20.0	0.5588235294117647	1.6903381919577558	0.5642487504240227	0.21350265245957517
family	47	3.0628668282520293	717.284720910271	0.35427650980102077	0.5161290322580645	0.8	0.6274509803921569	16.0	4.0	15.0	20.0	0.45714285714285713	2.0189821241231316	0.6739527900895862	0.17713825490051033
family	46	3.0628668282520293	717.284720910271	0.4031319155624255	0.68	0.8095238095238095	0.7391304347826089	17.0	4.0	8.0	21.0	0.5862068965517241	1.508228766365938	0.49539091835162613	0.20156595778121275
family	45	3.0628668282520293	717.284720910271	1.5542890243564418	0.4666666666666667	1.0	0.6363636363636364	14.0	0.0	16.0	14.0	0.4666666666666667	0.4603573447928797	0.17444006980325588	0.7771445121782208
family	44	3.0628668282520293	717.284720910271	0.4337923061993696	0.6923076923076923	0.8571428571428571	0.7659574468085107	18.0	3.0	8.0	21.0	0.6206896551724138	1.9115431981805044	0.6278630679463421	0.21689615309968482
family	43	3.0628668282520293	717.284720910271	0.45055070747208886	0.7272727272727273	0.6956521739130435	0.711111111111111	16.0	7.0	6.0	23.0	0.5517241379310345	1.7698132015588204	0.5644447349217535	0.22527535373604451
family	42	3.0628668282520293	717.284720910271	0.1873160507964406	0.6666666666666666	0.9	0.7659574468085106	18.0	2.0	9.0	20.0	0.6206896551724138	1.8493303356725845	0.6173216318421636	0.09365802539822027
family	41	3.0628668282520293	717.284720910271	0.41133775461804284	0.6333333333333333	0.7037037037037037	0.6666666666666667	19.0	8.0	11.0	27.0	0.5	1.5138811361489544	0.45933133152439404	0.2056688773090214
family	40	3.0628668282520293	717.284720910271	0.3731350722882992	0.5483870967741935	1.0	0.7083333333333333	17.0	0.0	14.0	17.0	0.5483870967741935	1.9761743550961368	0.6975028404556766	0.18656753614414967
family	4	3.0628668282520293	717.284720910271	0.4112332598109383	0.7368421052631579	0.7368421052631579	0.7368421052631579	14.0	5.0	5.0	19.0	0.5833333333333334	1.7516777598717221	0.5949105321135286	0.20561662990546914
family	38	3.0628668282520293	717.284720910271	0.32561362598244686	0.75	0.75	0.75	18.0	6.0	6.0	24.0	0.6	1.35668821674512	0.4268927743733606	0.16280681299122343
family	51	3.0628668282520293	717.284720910271	0.24591961086931813	0.6666666666666666	1.0	0.8	20.0	0.0	10.0	20.0	0.6666666666666666	1.8283039711099687	0.6103028589203526	0.1229598054346591
genus	1	3.0628668282520293	717.284720910271	0.35283253232301476	0.5625	0.8571428571428571	0.6792452830188678	18.0	3.0	14.0	21.0	0.5142857142857142	1.7269737963052645	0.5672396349939957	0.1764162661615074
genus	38	3.0628668282520293	717.284720910271	0.2626867410684102	0.7209302325581395	0.7209302325581395	0.7209302325581395	31.0	12.0	12.0	43.0	0.5636363636363636	1.4800926825217082	0.39351606854047444	0.1313433705342051
genus	40	3.0628668282520293	717.284720910271	0.528729457227036	0.5405405405405406	0.9523809523809523	0.6896551724137931	40.0	2.0	34.0	42.0	0.5263157894736842	2.402506471415542	0.6427819247756205	0.2643647286135182
genus	41	3.0628668282520293	717.284720910271	0.35247926947243546	0.6290322580645161	0.75	0.6842105263157896	39.0	13.0	23.0	52.0	0.52	1.7232678648511244	0.43613302230564777	0.1762396347362178
genus	42	3.0628668282520293	717.284720910271	0.34575351530573767	0.5428571428571428	0.8837209302325582	0.6725663716814159	38.0	5.0	32.0	43.0	0.5066666666666667	2.457308178313743	0.6533308791682352	0.17287675765286895
genus	43	3.0628668282520293	717.284720910271	0.743960508706812	0.5454545454545454	0.6666666666666666	0.6	30.0	15.0	25.0	45.0	0.42857142857142855	2.455070775033477	0.6449404909500152	0.37198025435340576
genus	44	3.0628668282520293	717.284720910271	0.6852738806331761	0.576271186440678	0.7727272727272727	0.6601941747572816	34.0	10.0	25.0	44.0	0.4927536231884058	2.5729261823245233	0.6799147059816979	0.34263694031658787
genus	45	3.0628668282520293	717.284720910271	1.7115346209469378	0.4	0.9032258064516129	0.5544554455445545	28.0	3.0	42.0	31.0	0.3835616438356164	0.6935473494659657	0.20196561843914865	0.8557673104734687
genus	46	3.0628668282520293	717.284720910271	0.604593479155741	0.6181818181818182	0.8292682926829268	0.7083333333333334	34.0	7.0	21.0	41.0	0.5483870967741935	2.015999149195993	0.5428733071511754	0.3022967395778705
genus	47	3.0628668282520293	717.284720910271	0.4105114351200198	0.546875	0.8333333333333334	0.660377358490566	35.0	7.0	29.0	42.0	0.49295774647887325	2.8337915583249025	0.7581706912946474	0.2052557175600098
genus	48	3.0628668282520293	717.284720910271	0.5662225666234099	0.5769230769230769	0.9782608695652174	0.7258064516129032	45.0	1.0	33.0	46.0	0.569620253164557	2.354443845582622	0.6149554376499382	0.2831112833117051
genus	49	3.0628668282520293	717.284720910271	0.2810359651851632	0.5714285714285714	0.9090909090909091	0.7017543859649122	20.0	2.0	15.0	22.0	0.5405405405405406	1.8391089321375984	0.5949801595702663	0.14051798259258164
genus	5	3.0628668282520293	717.284720910271	1.303908565368425	0.5352112676056338	0.95	0.6846846846846846	38.0	2.0	33.0	40.0	0.5205479452054794	1.36696100935427	0.3705626671616495	0.6519542826842123
genus	50	3.0628668282520293	717.284720910271	0.7955510564847857	0.45454545454545453	0.35714285714285715	0.4	15.0	27.0	18.0	42.0	0.25	1.6374786625767306	0.43810149901070966	0.39777552824239293
genus	51	3.0628668282520293	717.284720910271	0.5277329021315655	0.6197183098591549	0.9361702127659575	0.7457627118644067	44.0	3.0	27.0	47.0	0.5945945945945946	2.651039701620916	0.688555342772689	0.2638664510657827
genus	4	3.0628668282520293	717.284720910271	0.46441980058972504	0.8214285714285714	0.6571428571428571	0.73015873015873	23.0	12.0	5.0	35.0	0.575	2.1579873102135387	0.6069693523366346	0.23220990029486252
genus	52	3.0628668282520293	717.284720910271	1.3275653765421296	0.5652173913043478	0.2765957446808511	0.37142857142857144	13.0	34.0	10.0	47.0	0.22807017543859648	2.231839338886386	0.5796763058889237	0.6637826882710646
genus	54	3.0628668282520293	717.284720910271	1.047561832083284	0.5087719298245614	0.9354838709677419	0.6590909090909092	29.0	2.0	28.0	31.0	0.4915254237288136	1.2869975445595498	0.3747822772544395	0.5237809160416418
genus	55	3.0628668282520293	717.284720910271	1.7224549157271623	0.3968253968253968	0.9615384615384616	0.5617977528089887	25.0	1.0	38.0	26.0	0.390625	0.5665514665592248	0.17389032520910813	0.8612274578635803
genus	56	3.0628668282520293	717.284720910271	1.691958139794346	0.5454545454545454	0.967741935483871	0.6976744186046512	30.0	1.0	25.0	31.0	0.5357142857142857	0.6201655226335603	0.18059634055233498	0.8459790698971728
genus	57	3.0628668282520293	717.284720910271	0.4111314677006115	0.5849056603773585	0.8611111111111112	0.696629213483146	31.0	5.0	22.0	36.0	0.5344827586206896	1.6424023914788568	0.45832111387876584	0.20556573385030583
genus	58	3.0628668282520293	717.284720910271	0.4264951023697066	0.5373134328358209	0.8372093023255814	0.6545454545454547	36.0	7.0	31.0	43.0	0.4864864864864865	1.7863326181162598	0.474936872053898	0.21324755118485325
genus	59	3.0628668282520293	717.284720910271	0.4626905109137401	0.5254237288135594	0.9117647058823529	0.6666666666666667	31.0	3.0	28.0	34.0	0.5	1.430030530184205	0.4055259013370056	0.23134525545686999
genus	6	3.0628668282520293	717.284720910271	1.050492228180037	0.4927536231884058	0.9714285714285714	0.6538461538461539	34.0	1.0	35.0	35.0	0.4857142857142857	1.5093581123566424	0.42453174379904146	0.5252461140900185
genus	60	3.0628668282520293	717.284720910271	0.4279967621016257	0.532258064516129	0.8918918918918919	0.6666666666666666	33.0	4.0	29.0	37.0	0.5	1.5662951844708297	0.43376648884378927	0.21399838105081276
genus	61	3.0628668282520293	717.284720910271	0.558610986583329	0.5873015873015873	0.8409090909090909	0.6915887850467289	37.0	7.0	26.0	44.0	0.5285714285714286	2.2669645450722338	0.599062088419959	0.27930549329166443
genus	62	3.0628668282520293	717.284720910271	0.8487689793589184	0.7027027027027027	0.5777777777777777	0.6341463414634145	26.0	19.0	11.0	45.0	0.4642857142857143	2.1765022085570047	0.5717612776036594	0.4243844896794591
genus	63	3.0628668282520293	717.284720910271	0.7469517918959759	0.7666666666666667	0.6388888888888888	0.696969696969697	23.0	13.0	7.0	36.0	0.5348837209302325	2.1479449128912105	0.5993954405656389	0.373475895947988
genus	7	3.0628668282520293	717.284720910271	0.45819876700462053	0.7058823529411765	0.42857142857142855	0.5333333333333333	24.0	32.0	10.0	56.0	0.36363636363636365	1.2802082164661777	0.31803636422942544	0.22909938350231027
genus	8	3.0628668282520293	717.284720910271	1.6433937884804914	0.5714285714285714	0.2608695652173913	0.3582089552238805	12.0	34.0	9.0	46.0	0.21818181818181817	2.377572986480887	0.6209965207661252	0.8216968942402453
genus	53	3.0628668282520293	717.284720910271	1.1248341753729625	0.515625	0.9705882352941176	0.673469387755102	33.0	1.0	31.0	34.0	0.5076923076923077	1.333470629714365	0.3781435903691416	0.5624170876864816
genus	39	3.0628668282520293	717.284720910271	0.6637840079326334	0.5689655172413793	0.9166666666666666	0.7021276595744681	33.0	3.0	25.0	36.0	0.5409836065573771	2.7186351312932864	0.7586495782451642	0.33189200396631674
genus	0	3.0628668282520293	717.284720910271	0.12506517775889534	0.4642857142857143	0.6842105263157895	0.5531914893617021	13.0	6.0	15.0	19.0	0.38235294117647056	0.5809792206687697	0.19731406382659789	0.0625325888794477
genus	37	3.0628668282520293	717.284720910271	0.634313294175676	0.5974025974025974	0.92	0.7244094488188978	46.0	4.0	31.0	50.0	0.5679012345679012	2.791805594746051	0.7136475401275166	0.317156647087838
genus	10	3.0628668282520293	717.284720910271	0.30553573966139874	0.45652173913043476	0.6176470588235294	0.5249999999999999	21.0	13.0	25.0	34.0	0.3559322033898305	1.2103732850501565	0.3432358309937421	0.15276786983069943
genus	11	3.0628668282520293	717.284720910271	0.6333338883352904	0.5833333333333334	0.7777777777777778	0.6666666666666666	28.0	8.0	20.0	36.0	0.5	2.604792052210923	0.7268810621475736	0.3166669441676452
genus	12	3.0628668282520293	717.284720910271	0.5373581106257518	0.4807692307692308	0.7142857142857143	0.5747126436781609	25.0	10.0	27.0	35.0	0.4032258064516129	1.786983058389647	0.5026183168241032	0.26867905531287595
genus	13	3.0628668282520293	717.284720910271	0.16898007804759044	0.4883720930232558	0.6	0.5384615384615383	21.0	14.0	22.0	35.0	0.3684210526315789	0.8410565904109337	0.23656097120870823	0.0844900390237952
genus	14	3.0628668282520293	717.284720910271	0.5304660512938013	0.5283018867924528	0.7567567567567568	0.6222222222222221	28.0	9.0	25.0	37.0	0.45161290322580644	2.5186733468544844	0.6975160908629173	0.26523302564690077
genus	15	3.0628668282520293	717.284720910271	0.5182855683552026	0.5384615384615384	0.7368421052631579	0.6222222222222222	28.0	10.0	24.0	38.0	0.45161290322580644	2.123709110807674	0.5838237274818026	0.25914278417760134
genus	16	3.0628668282520293	717.284720910271	0.05182152160962443	0.2903225806451613	0.47368421052631576	0.36	9.0	10.0	22.0	19.0	0.21951219512195122	0.35985828304039175	0.12221624750473392	0.025910760804812215
genus	17	3.0628668282520293	717.284720910271	0.30221150559244847	0.5625	0.8181818181818182	0.6666666666666666	27.0	6.0	21.0	33.0	0.5	1.987975508693223	0.5685603344897217	0.15110575279622426
genus	18	3.0628668282520293	717.284720910271	0.21780598998621045	0.4722222222222222	0.7391304347826086	0.5762711864406781	17.0	6.0	19.0	23.0	0.40476190476190477	1.206561114581958	0.384807316324267	0.10890299499310527
genus	19	3.0628668282520293	717.284720910271	0.4400343738495126	0.5833333333333334	0.875	0.7000000000000001	28.0	4.0	20.0	32.0	0.5384615384615384	2.3306927777549626	0.6724957824605615	0.22001718692475633
genus	2	3.0628668282520293	717.284720910271	0.43907397849571905	0.6486486486486487	0.5853658536585366	0.6153846153846153	24.0	17.0	13.0	41.0	0.4444444444444444	1.4671552067177362	0.39507923378468207	0.21953698924785942
genus	20	3.0628668282520293	717.284720910271	0.297420623008339	0.5892857142857143	0.8918918918918919	0.7096774193548389	33.0	4.0	23.0	37.0	0.55	1.6900401228721753	0.4680361514046667	0.14871031150416947
genus	21	3.0628668282520293	717.284720910271	0.6823157199940796	0.58	0.8285714285714286	0.6823529411764706	29.0	6.0	21.0	35.0	0.5178571428571429	1.3933065179886917	0.39189032800490564	0.3411578599970395
genus	22	3.0628668282520293	717.284720910271	0.4863822088762597	0.47619047619047616	0.9375	0.631578947368421	30.0	2.0	33.0	32.0	0.46153846153846156	1.8084526839013706	0.5218091437493687	0.24319110443812986
genus	23	3.0628668282520293	717.284720910271	0.48478284564388346	0.5777777777777777	0.7222222222222222	0.6419753086419753	26.0	10.0	19.0	36.0	0.4727272727272727	1.3605382890181814	0.3796654384654496	0.2423914228219418
genus	24	3.0628668282520293	717.284720910271	0.7195790069546382	0.45454545454545453	0.8823529411764706	0.6	30.0	4.0	36.0	34.0	0.42857142857142855	2.3908267671749774	0.6779870493914444	0.35978950347731903
genus	25	3.0628668282520293	717.284720910271	0.7358549661529924	0.4696969696969697	0.8157894736842105	0.5961538461538461	31.0	7.0	35.0	38.0	0.4246575342465753	2.1248492578174836	0.5841371625345396	0.36792748307649586
genus	26	3.0628668282520293	717.284720910271	0.5380935431458116	0.7021276595744681	0.825	0.7586206896551724	33.0	7.0	14.0	40.0	0.6111111111111112	1.597669156024443	0.43310419218027846	0.26904677157290574
genus	27	3.0628668282520293	717.284720910271	0.6158544214814676	0.48484848484848486	0.9142857142857143	0.6336633663366337	32.0	3.0	34.0	35.0	0.463768115942029	2.2690938511910357	0.6382198906962888	0.30792721074073376
genus	28	3.0628668282520293	717.284720910271	0.6978298918413367	0.4603174603174603	0.9354838709677419	0.6170212765957446	29.0	2.0	34.0	31.0	0.4461538461538462	1.768236533805412	0.5149222837801813	0.3489149459206682
genus	29	3.0628668282520293	717.284720910271	0.7352519928522271	0.7441860465116279	0.7804878048780488	0.761904761904762	32.0	9.0	11.0	41.0	0.6153846153846154	1.7231081123632062	0.46400287416326264	0.36762599642611365
genus	3	3.0628668282520293	717.284720910271	0.5576997177127683	0.7380952380952381	0.7948717948717948	0.7654320987654322	31.0	8.0	11.0	39.0	0.62	2.1943849528711272	0.5989758505058529	0.27884985885638414
genus	30	3.0628668282520293	717.284720910271	0.5116394790049485	0.5714285714285714	0.8181818181818182	0.6728971962616823	36.0	8.0	27.0	44.0	0.5070422535211268	2.2876279225741576	0.6045225382126214	0.25581973950247444
genus	31	3.0628668282520293	717.284720910271	0.41771238719708514	0.6078431372549019	0.8857142857142857	0.7209302325581395	31.0	4.0	20.0	35.0	0.5636363636363636	1.6935257418801464	0.4763319125415505	0.20885619359854254
genus	32	3.0628668282520293	717.284720910271	0.3334120773300879	0.6956521739130435	0.3902439024390244	0.5000000000000001	16.0	25.0	7.0	41.0	0.3333333333333333	1.1427025664823929	0.30770981307399525	0.1667060386650439
genus	33	3.0628668282520293	717.284720910271	0.5984901792761258	0.5211267605633803	0.8809523809523809	0.6548672566371682	37.0	5.0	34.0	42.0	0.4868421052631579	2.8739544074235526	0.768916116439285	0.29924508963806307
genus	34	3.0628668282520293	717.284720910271	0.5733077072150187	0.5945945945945946	0.8979591836734694	0.7154471544715447	44.0	5.0	30.0	49.0	0.5569620253164557	2.711592454748898	0.696741433838891	0.28665385360750933
genus	35	3.0628668282520293	717.284720910271	0.41870813445289073	0.7931034482758621	0.42592592592592593	0.5542168674698795	23.0	31.0	6.0	54.0	0.38333333333333336	1.588224385710842	0.398152604064382	0.20935406722644545
genus	36	3.0628668282520293	717.284720910271	0.6259339140144163	0.6617647058823529	0.9375	0.7758620689655172	45.0	3.0	23.0	48.0	0.6338028169014085	2.892695556547334	0.7472346562207902	0.3129669570072081
genus	9	3.0628668282520293	717.284720910271	1.3759421671487553	0.5	0.3157894736842105	0.3870967741935484	12.0	26.0	12.0	38.0	0.24	1.7144276988621814	0.4713091659088395	0.6879710835743776
species	1	3.0628668282520293	717.284720910271	0.5727031579674312	0.35365853658536583	0.5087719298245614	0.4172661870503597	29.0	28.0	53.0	57.0	0.2636363636363636	2.2299445988540456	0.5515499188929156	0.28635157898371566
species	0	3.0628668282520293	717.284720910271	0.6212044924897053	0.328125	0.42	0.368421052631579	21.0	29.0	43.0	50.0	0.22580645161290322	1.7734520912992093	0.4533337582213723	0.3106022462448526
species	9	3.0628668282520293	717.284720910271	1.5077172508510808	0.3368421052631579	0.3047619047619048	0.32	32.0	73.0	63.0	105.0	0.19047619047619047	3.352321145570924	0.7203157941509875	0.7538586254255397
species	4	3.0628668282520293	717.284720910271	0.769795978186377	0.7580645161290323	0.3700787401574803	0.4973544973544974	47.0	80.0	15.0	127.0	0.33098591549295775	3.651495224475792	0.7537890587841163	0.3848979890931885
species	40	3.0628668282520293	717.284720910271	0.801534292585346	0.47161572052401746	0.6835443037974683	0.5581395348837209	108.0	50.0	121.0	158.0	0.3870967741935484	3.6271349613079606	0.7164576541567195	0.4007671462926733
species	41	3.0628668282520293	717.284720910271	0.8805831578659208	0.5652173913043478	0.49056603773584906	0.5252525252525252	78.0	81.0	60.0	159.0	0.3561643835616438	3.5891288365502163	0.7080679952440493	0.44029157893296095
species	42	3.0628668282520293	717.284720910271	0.5747456032227987	0.5	0.7246376811594203	0.5917159763313609	100.0	38.0	100.0	138.0	0.42016806722689076	3.4722321544883354	0.7046992861252592	0.28737280161139955
species	43	3.0628668282520293	717.284720910271	0.9580150753967835	0.49019607843137253	0.5780346820809249	0.5305039787798409	100.0	73.0	104.0	173.0	0.36101083032490977	3.7942248925284905	0.7362721132605076	0.479007537698392
species	44	3.0628668282520293	717.284720910271	0.916255306628809	0.5	0.6111111111111112	0.55	99.0	63.0	99.0	162.0	0.3793103448275862	3.7517921486747294	0.7374390382926008	0.4581276533144042
species	45	3.0628668282520293	717.284720910271	0.3412135387017421	0.26842105263157895	0.75	0.39534883720930236	51.0	17.0	139.0	68.0	0.2463768115942029	0.9101365619500841	0.21569733379882483	0.1706067693508713
species	46	3.0628668282520293	717.284720910271	0.7915326322264036	0.46875	0.6147540983606558	0.5319148936170213	75.0	47.0	85.0	122.0	0.36231884057971014	2.964384580852066	0.617063196278455	0.39576631611320223
species	47	3.0628668282520293	717.284720910271	0.6184815209617337	0.4768211920529801	0.631578947368421	0.5433962264150943	72.0	42.0	79.0	114.0	0.37305699481865284	3.551028452032727	0.749763442289137	0.3092407604808669
species	48	3.0628668282520293	717.284720910271	0.5639190630130588	0.43317972350230416	0.7230769230769231	0.5417867435158502	94.0	36.0	123.0	130.0	0.3715415019762846	3.361078027510089	0.6905093454850648	0.2819595315065295
species	49	3.0628668282520293	717.284720910271	0.5265023846288917	0.4318181818181818	0.7169811320754716	0.5390070921985816	38.0	15.0	50.0	53.0	0.36893203883495146	2.228846049866191	0.5613809005474607	0.2632511923144458
species	5	3.0628668282520293	717.284720910271	0.4950420956457479	0.36893203883495146	0.8	0.5049833887043189	76.0	19.0	130.0	95.0	0.3377777777777778	1.8958492047898092	0.4163154274738155	0.24752104782287407
species	50	3.0628668282520293	717.284720910271	0.952361495229879	0.3763440860215054	0.29914529914529914	0.33333333333333337	35.0	82.0	58.0	117.0	0.2	3.0544052902096395	0.6413888556003271	0.47618074761493956
species	51	3.0628668282520293	717.284720910271	0.7645550308697263	0.4739583333333333	0.6642335766423357	0.5531914893617021	91.0	46.0	101.0	137.0	0.38235294117647056	3.546344268356381	0.7208044750213061	0.38227751543486277
species	52	3.0628668282520293	717.284720910271	1.5136408855601915	0.33	0.24444444444444444	0.28085106382978725	33.0	102.0	67.0	135.0	0.16336633663366337	3.7282106771649186	0.7600411486737908	0.7568204427800957
species	53	3.0628668282520293	717.284720910271	0.47193228929385966	0.38961038961038963	0.6896551724137931	0.49792531120331956	60.0	27.0	94.0	87.0	0.3314917127071823	1.7249036538768419	0.38623805238440345	0.2359661446469299
species	54	3.0628668282520293	717.284720910271	0.5287644283664196	0.4303030303030303	0.8160919540229885	0.5634920634920634	71.0	16.0	94.0	87.0	0.39226519337016574	1.7808435004530812	0.39876402584600973	0.26438221418320984
species	55	3.0628668282520293	717.284720910271	0.322835505618278	0.2459016393442623	0.75	0.3703703703703703	45.0	15.0	138.0	60.0	0.22727272727272727	0.8070624172858515	0.19711638945400312	0.1614177528091388
species	56	3.0628668282520293	717.284720910271	0.2966763873830619	0.27439024390243905	0.7377049180327869	0.39999999999999997	45.0	16.0	119.0	61.0	0.25	0.8912284131834727	0.2167978008156903	0.14833819369153087
species	57	3.0628668282520293	717.284720910271	0.6712541246626441	0.47619047619047616	0.6666666666666666	0.5555555555555556	80.0	40.0	88.0	120.0	0.38461538461538464	2.9650323574879276	0.619328975753998	0.3356270623313221
species	58	3.0628668282520293	717.284720910271	0.6661687195220057	0.4954954954954955	0.6918238993710691	0.5774278215223096	110.0	49.0	112.0	159.0	0.4059040590405904	3.2556003718326667	0.6422690668343427	0.3330843597610026
species	59	3.0628668282520293	717.284720910271	0.6727370454379519	0.4697674418604651	0.6733333333333333	0.5534246575342465	101.0	49.0	114.0	150.0	0.38257575757575757	3.0544909182544773	0.6096015253501704	0.3363685227189758
species	6	3.0628668282520293	717.284720910271	0.5514777133201847	0.39906103286384975	0.8018867924528302	0.5329153605015673	85.0	21.0	128.0	106.0	0.36324786324786323	2.2341761564668894	0.47908337846369653	0.2757388566600925
species	60	3.0628668282520293	717.284720910271	0.6758237588565978	0.44	0.717391304347826	0.5454545454545454	99.0	39.0	126.0	138.0	0.375	2.987587600389047	0.6063393101493468	0.33791187942829914
species	61	3.0628668282520293	717.284720910271	0.7846704831815099	0.5021645021645021	0.6480446927374302	0.5658536585365854	116.0	63.0	115.0	179.0	0.3945578231292517	3.760021594181433	0.7248393959724037	0.39233524159075495
species	62	3.0628668282520293	717.284720910271	1.0693581142798696	0.6024096385542169	0.3333333333333333	0.42918454935622313	50.0	100.0	33.0	150.0	0.273224043715847	3.2891801588610634	0.656439745821556	0.5346790571399348
species	63	3.0628668282520293	717.284720910271	1.0039992879857433	0.6610169491525424	0.3577981651376147	0.46428571428571425	39.0	70.0	20.0	109.0	0.3023255813953488	3.1909670780608486	0.6801812950491803	0.5019996439928717
species	39	3.0628668282520293	717.284720910271	0.9480718558147848	0.5211267605633803	0.6115702479338843	0.5627376425855514	74.0	47.0	68.0	121.0	0.3915343915343915	3.717163408963746	0.7750887728774274	0.4740359279073924
species	38	3.0628668282520293	717.284720910271	1.0479095524612756	0.6185567010309279	0.39215686274509803	0.48000000000000004	60.0	93.0	37.0	153.0	0.3157894736842105	3.6360909327501183	0.722817971232143	0.5239547762306378
species	37	3.0628668282520293	717.284720910271	0.867936986229478	0.5471698113207547	0.6863905325443787	0.6089238845144356	116.0	53.0	96.0	169.0	0.4377358490566038	3.954306962294277	0.7708352897477382	0.4339684931147394
species	36	3.0628668282520293	717.284720910271	0.8968412529327068	0.5595854922279793	0.6967741935483871	0.6206896551724138	108.0	47.0	85.0	155.0	0.45	4.067951567055837	0.8065851029311458	0.448420626466353
species	10	3.0628668282520293	717.284720910271	0.8365218130645848	0.5083333333333333	0.5446428571428571	0.5258620689655171	61.0	51.0	59.0	112.0	0.3567251461988304	3.2174645928544625	0.6818830904947021	0.41826090653229236
species	11	3.0628668282520293	717.284720910271	0.9655818817136251	0.4936708860759494	0.5379310344827586	0.5148514851485149	78.0	67.0	80.0	145.0	0.3466666666666667	3.7565173660733087	0.7548158210783085	0.48279094085681273
species	12	3.0628668282520293	717.284720910271	0.9573908969552418	0.4382716049382716	0.5071428571428571	0.4701986754966888	71.0	69.0	91.0	140.0	0.30735930735930733	3.6220370645913236	0.7329621924928357	0.4786954484776209
species	13	3.0628668282520293	717.284720910271	1.0084043602562964	0.4594594594594595	0.3722627737226277	0.41129032258064513	51.0	86.0	60.0	137.0	0.25888324873096447	3.307715929839439	0.6723025921655761	0.5042021801281481
species	14	3.0628668282520293	717.284720910271	1.1289375064792075	0.5308641975308642	0.5375	0.5341614906832298	86.0	74.0	76.0	160.0	0.3644067796610169	4.186832250160439	0.8249633219640854	0.5644687532396042
species	15	3.0628668282520293	717.284720910271	0.9826004567515757	0.5294117647058824	0.4838709677419355	0.5056179775280899	90.0	96.0	80.0	186.0	0.3383458646616541	4.207108676364891	0.8050732151881163	0.4913002283757881
species	16	3.0628668282520293	717.284720910271	0.5695089563882041	0.24	0.42857142857142855	0.30769230769230765	18.0	24.0	57.0	42.0	0.18181818181818182	1.4711949763662557	0.39361289964465723	0.28475447819410205
species	17	3.0628668282520293	717.284720910271	0.854891789022583	0.4492753623188406	0.5344827586206896	0.4881889763779527	62.0	54.0	76.0	116.0	0.3229166666666667	3.261013361173866	0.6860106214614365	0.42744589451129117
species	18	3.0628668282520293	717.284720910271	0.6053693614327451	0.3835616438356164	0.5283018867924528	0.4444444444444444	28.0	25.0	45.0	53.0	0.2857142857142857	2.1443647798089622	0.5401025482507789	0.30268468071637256
species	19	3.0628668282520293	717.284720910271	0.8169467354497025	0.4393939393939394	0.6041666666666666	0.5087719298245614	58.0	38.0	74.0	96.0	0.3411764705882353	3.292153387353532	0.7212756891570136	0.4084733677248516
species	2	3.0628668282520293	717.284720910271	0.9448736200996938	0.4666666666666667	0.26515151515151514	0.33816425120772947	35.0	97.0	40.0	132.0	0.20348837209302326	3.0062546305101128	0.615682282052869	0.47243681004984694
species	20	3.0628668282520293	717.284720910271	0.8197286755865469	0.4217687074829932	0.6595744680851063	0.5145228215767634	62.0	32.0	85.0	94.0	0.3463687150837989	2.8704353922337225	0.6317959828262658	0.4098643377932734
species	21	3.0628668282520293	717.284720910271	0.8131472216270281	0.49523809523809526	0.4642857142857143	0.47926267281105994	52.0	60.0	53.0	112.0	0.3151515151515151	2.2180512042496954	0.4700756034388757	0.40657361081351373
species	7	3.0628668282520293	717.284720910271	0.9419475643960449	0.6764705882352942	0.2893081761006289	0.40528634361233484	46.0	113.0	22.0	159.0	0.2541436464088398	3.244986808393619	0.6401752092636278	0.4709737821980225
species	22	3.0628668282520293	717.284720910271	0.6665431174781001	0.42718446601941745	0.6376811594202898	0.5116279069767442	88.0	50.0	118.0	138.0	0.34375	3.3937583569400056	0.6887728080986207	0.33327155873904996
species	24	3.0628668282520293	717.284720910271	0.9289698554570776	0.45320197044334976	0.5679012345679012	0.5041095890410958	92.0	70.0	111.0	162.0	0.336996336996337	3.7936751330762197	0.7456714100535922	0.4644849277285384
species	25	3.0628668282520293	717.284720910271	0.9856934605144438	0.4527363184079602	0.5321637426900585	0.489247311827957	91.0	80.0	110.0	171.0	0.3238434163701068	3.782633772752364	0.7356828643462033	0.49284673025722164
species	26	3.0628668282520293	717.284720910271	0.7835657309125618	0.594059405940594	0.594059405940594	0.594059405940594	60.0	41.0	41.0	101.0	0.4225352112676056	2.5796597154686607	0.558958256031473	0.39178286545628077
species	27	3.0628668282520293	717.284720910271	0.9141911834702712	0.4068627450980392	0.6240601503759399	0.4925816023738872	83.0	50.0	121.0	133.0	0.32677165354330706	3.6299248425060138	0.7422629238387198	0.45709559173513575
species	28	3.0628668282520293	717.284720910271	0.9675201592750363	0.3469387755102041	0.5573770491803278	0.4276729559748428	68.0	54.0	128.0	122.0	0.272	3.33855685305453	0.6949505054135131	0.48376007963751866
species	29	3.0628668282520293	717.284720910271	0.9881301645860938	0.6111111111111112	0.4888888888888889	0.5432098765432098	66.0	69.0	42.0	135.0	0.3728813559322034	2.84007054031068	0.5789829660092564	0.49406508229304674
species	3	3.0628668282520293	717.284720910271	0.7148837232881123	0.5081967213114754	0.4732824427480916	0.4901185770750988	62.0	69.0	60.0	131.0	0.32460732984293195	3.1365410085646115	0.6433669861192606	0.3574418616440562
species	30	3.0628668282520293	717.284720910271	0.7686700115530036	0.4492753623188406	0.577639751552795	0.5054347826086957	93.0	68.0	114.0	161.0	0.3381818181818182	3.562900908556793	0.7011646097501014	0.38433500577650237
species	31	3.0628668282520293	717.284720910271	0.6498295115417413	0.5	0.6260162601626016	0.555956678700361	77.0	46.0	77.0	123.0	0.385	3.028000789255581	0.6292362398533342	0.3249147557708705
species	32	3.0628668282520293	717.284720910271	0.9655587066399027	0.5918367346938775	0.232	0.33333333333333337	29.0	96.0	20.0	125.0	0.2	3.2354130382524016	0.6700917161319568	0.48277935331995137
species	33	3.0628668282520293	717.284720910271	0.8319117025787455	0.45588235294117646	0.6739130434782609	0.543859649122807	93.0	45.0	111.0	138.0	0.37349397590361444	3.85701990723129	0.7827930432829401	0.4159558512893726
species	34	3.0628668282520293	717.284720910271	0.8005463485570629	0.5377777777777778	0.6914285714285714	0.605	121.0	54.0	104.0	175.0	0.4336917562724014	3.9427967616371578	0.7633998352582164	0.4002731742785312
species	35	3.0628668282520293	717.284720910271	0.9940649606243858	0.6507936507936508	0.2411764705882353	0.35193133047210295	41.0	129.0	22.0	170.0	0.21354166666666666	3.5275477211910546	0.6868547830348841	0.49703248031219266
species	23	3.0628668282520293	717.284720910271	0.8661299939007274	0.5196078431372549	0.4140625	0.46086956521739136	53.0	75.0	49.0	128.0	0.2994350282485876	2.9543808567844563	0.6088958015686031	0.43306499695036366
species	8	3.0628668282520293	717.284720910271	1.695123865867061	0.2608695652173913	0.20869565217391303	0.2318840579710145	24.0	91.0	68.0	115.0	0.13114754098360656	3.7709024165713863	0.7947220981371861	0.8475619329335305
strain	10	3.0628668282520293	717.284720910271	1.4262276184462355	0.14	0.24705882352941178	0.17872340425531916	21.0	64.0	129.0	85.0	0.09813084112149532	2.938076255968266	0.6613339842230467	0.713113809223118
strain	9	3.0628668282520293	717.284720910271	1.4869342583819858	0.10655737704918032	0.18055555555555555	0.13402061855670103	13.0	59.0	109.0	72.0	0.0718232044198895	3.080730954535559	0.7203580707030623	0.743467129190993
strain	36	3.0628668282520293	717.284720910271	1.038361318779804	0.2170212765957447	0.5930232558139535	0.31775700934579443	51.0	35.0	184.0	86.0	0.18888888888888888	3.47427534944681	0.7799740609289665	0.5191806593899022
strain	35	3.0628668282520293	717.284720910271	1.371216028049518	0.25	0.14166666666666666	0.18085106382978722	17.0	103.0	51.0	120.0	0.09941520467836257	3.1486246651708973	0.6576773045965002	0.6856080140247587
strain	34	3.0628668282520293	717.284720910271	0.7193988255936375	0.18439716312056736	0.48148148148148145	0.26666666666666666	52.0	56.0	230.0	108.0	0.15384615384615385	3.498378033480061	0.7471764168448513	0.35969941279681855
strain	33	3.0628668282520293	717.284720910271	0.5041713293114566	0.16393442622950818	0.5333333333333333	0.2507836990595611	40.0	35.0	204.0	75.0	0.14336917562724014	3.310857374131073	0.7668480577284695	0.25208566465572824
strain	32	3.0628668282520293	717.284720910271	1.6261594036155658	0.18518518518518517	0.10101010101010101	0.13071895424836602	10.0	89.0	44.0	99.0	0.06993006993006994	2.9106430216756918	0.6334204801188025	0.8130797018077834
strain	31	3.0628668282520293	717.284720910271	1.0107826542892782	0.16756756756756758	0.3780487804878049	0.2322097378277154	31.0	51.0	154.0	82.0	0.13135593220338984	2.5607521421091604	0.581101721807875	0.505391327144639
strain	30	3.0628668282520293	717.284720910271	0.9440970804764742	0.1700404858299595	0.4883720930232558	0.25225225225225223	42.0	44.0	205.0	86.0	0.14432989690721648	2.9309180946719873	0.6579904753132167	0.4720485402382374
strain	3	3.0628668282520293	717.284720910271	1.6104262735289339	0.22972972972972974	0.40963855421686746	0.2943722943722944	34.0	49.0	114.0	83.0	0.17258883248730963	2.5992452305456593	0.5882188250826593	0.8052131367644675
strain	29	3.0628668282520293	717.284720910271	1.0534212216269705	0.20930232558139536	0.24770642201834864	0.22689075630252103	27.0	82.0	102.0	109.0	0.12796208530805686	3.2445951461558784	0.6916125658569099	0.5267106108134848
strain	28	3.0628668282520293	717.284720910271	0.9509213109175522	0.11666666666666667	0.36363636363636365	0.17665615141955834	28.0	49.0	212.0	77.0	0.09688581314878893	2.751667555184217	0.633469340348575	0.4754606554587754
strain	27	3.0628668282520293	717.284720910271	0.9480067616406089	0.1377952755905512	0.44871794871794873	0.2108433734939759	35.0	43.0	219.0	78.0	0.11784511784511785	3.039223184749831	0.6975961225894363	0.47400338082030413
strain	26	3.0628668282520293	717.284720910271	1.4307060892988708	0.20869565217391303	0.3157894736842105	0.25130890052356014	24.0	52.0	91.0	76.0	0.1437125748502994	2.75114612256231	0.6352610300361774	0.7153530446494355
strain	25	3.0628668282520293	717.284720910271	0.9407890493252384	0.15019762845849802	0.3247863247863248	0.20540540540540542	38.0	79.0	215.0	117.0	0.1144578313253012	3.2801234352524498	0.6887869868179757	0.47039452466262005
strain	37	3.0628668282520293	717.284720910271	0.6856205643122278	0.1968503937007874	0.5208333333333334	0.28571428571428575	50.0	46.0	204.0	96.0	0.16666666666666666	3.3240193784568435	0.7282571878872987	0.3428102821561138
strain	24	3.0628668282520293	717.284720910271	0.8751222916844645	0.15648854961832062	0.41836734693877553	0.2277777777777778	41.0	57.0	221.0	98.0	0.12852664576802508	3.327919241599081	0.7258326819286454	0.4375611458422323
strain	22	3.0628668282520293	717.284720910271	1.025094008140296	0.15354330708661418	0.3979591836734694	0.22159090909090906	39.0	59.0	215.0	98.0	0.12460063897763578	2.9636917679475303	0.6463931929146122	0.5125470040701477
strain	21	3.0628668282520293	717.284720910271	1.1281977324382562	0.1889763779527559	0.2727272727272727	0.22325581395348837	24.0	64.0	103.0	88.0	0.1256544502617801	3.0933465979001995	0.6908898584304297	0.564098866219128
strain	20	3.0628668282520293	717.284720910271	1.7062300123552407	0.14367816091954022	0.423728813559322	0.21459227467811157	25.0	34.0	149.0	59.0	0.1201923076923077	2.34120134855662	0.5741704106373751	0.8531150061776209
strain	2	3.0628668282520293	717.284720910271	1.678204920482206	0.1724137931034483	0.13636363636363635	0.15228426395939088	15.0	95.0	72.0	110.0	0.08241758241758242	2.9838269190025595	0.6347919120601496	0.8391024602411024
strain	19	3.0628668282520293	717.284720910271	1.3538129984166543	0.1419753086419753	0.39655172413793105	0.2090909090909091	23.0	35.0	139.0	58.0	0.116751269035533	2.868260694648689	0.7063910728949508	0.6769064992083276
strain	18	3.0628668282520293	717.284720910271	1.6184115863964752	0.09411764705882353	0.19047619047619047	0.12598425196850394	8.0	34.0	77.0	42.0	0.06722689075630252	1.9460488509490934	0.520658337866382	0.8092057931982376
strain	17	3.0628668282520293	717.284720910271	1.7482995156290873	0.11834319526627218	0.3125	0.17167381974248924	20.0	44.0	149.0	64.0	0.09389671361502347	2.6520326494042488	0.6376790585951881	0.8741497578145433
strain	16	3.0628668282520293	717.284720910271	1.9567945514396203	0.058823529411764705	0.15625	0.08547008547008547	5.0	27.0	80.0	32.0	0.044642857142857144	1.3281927864040692	0.383235429257929	0.9783972757198104
strain	15	3.0628668282520293	717.284720910271	1.4342342343009924	0.15348837209302327	0.2894736842105263	0.20060790273556234	33.0	81.0	182.0	114.0	0.11148648648648649	3.718800861190794	0.7851868754467869	0.7171171171504969
strain	14	3.0628668282520293	717.284720910271	1.4624138054567726	0.15816326530612246	0.36046511627906974	0.2198581560283688	31.0	55.0	165.0	86.0	0.12350597609561753	3.6675946999176605	0.8233742130979382	0.731206902728386
strain	13	3.0628668282520293	717.284720910271	1.3909991962160115	0.125	0.16	0.14035087719298245	16.0	84.0	112.0	100.0	0.07547169811320754	3.02108823698958	0.6560209753336991	0.6954995981080052
strain	12	3.0628668282520293	717.284720910271	1.6976870285355345	0.155	0.32978723404255317	0.21088435374149658	31.0	63.0	169.0	94.0	0.11787072243346007	3.050445645827485	0.671417064490666	0.8488435142677668
strain	11	3.0628668282520293	717.284720910271	1.250342521741555	0.1276595744680851	0.3157894736842105	0.1818181818181818	24.0	52.0	164.0	76.0	0.1	3.1719940473732327	0.7324380879944719	0.6251712608707777
strain	23	3.0628668282520293	717.284720910271	1.3155030776182313	0.1532258064516129	0.20212765957446807	0.17431192660550457	19.0	75.0	105.0	94.0	0.09547738693467336	3.00732051119348	0.6619250247484288	0.6577515388091154
strain	1	3.0628668282520293	717.284720910271	0.5599375235080678	0.13333333333333333	0.34285714285714286	0.192	12.0	23.0	78.0	35.0	0.10619469026548672	1.80838816332914	0.5086388539330707	0.27996876175403396
strain	0	3.0628668282520293	717.284720910271	1.8777989680288265	0.12	0.225	0.1565217391304348	9.0	31.0	66.0	40.0	0.08490566037735849	1.5197993628529398	0.4119948569091948	0.9388994840144136
strain	4	3.0628668282520293	717.284720910271	1.2931756574399713	0.2676056338028169	0.1958762886597938	0.2261904761904762	19.0	78.0	52.0	97.0	0.12751677852348994	3.316082466742474	0.7248725618568653	0.6465878287199859
strain	8	3.0628668282520293	717.284720910271	1.78811300450891	0.10619469026548672	0.16216216216216217	0.12834224598930483	12.0	62.0	101.0	74.0	0.06857142857142857	3.35570154728931	0.7796586423815332	0.8940565022544541
strain	7	3.0628668282520293	717.284720910271	1.3359730734646558	0.2236842105263158	0.1452991452991453	0.1761658031088083	17.0	100.0	59.0	117.0	0.09659090909090909	2.956695365255492	0.6208709311624627	0.667986536732328
strain	63	3.0628668282520293	717.284720910271	1.2461663136644552	0.2318840579710145	0.1951219512195122	0.21192052980132453	16.0	66.0	53.0	82.0	0.11851851851851852	3.193781538485832	0.7247526695667239	0.6230831568322271
strain	62	3.0628668282520293	717.284720910271	1.4929839343240647	0.1836734693877551	0.16216216216216217	0.1722488038277512	18.0	93.0	80.0	111.0	0.09424083769633508	3.5827863285487163	0.7607523840807635	0.7464919671620319
strain	61	3.0628668282520293	717.284720910271	1.093636102830756	0.1605351170568562	0.4444444444444444	0.23587223587223588	48.0	60.0	251.0	108.0	0.13370473537604458	3.173898509546741	0.6778747445522068	0.546818051415379
strain	60	3.0628668282520293	717.284720910271	1.0856420714045965	0.1793103448275862	0.5098039215686274	0.2653061224489796	52.0	50.0	238.0	102.0	0.15294117647058825	2.570759718875357	0.5558432065787252	0.5428210357022981
strain	6	3.0628668282520293	717.284720910271	0.6340690294197661	0.17374517374517376	0.6164383561643836	0.27108433734939763	45.0	28.0	214.0	73.0	0.156794425087108	1.7863642602357772	0.4163573353248239	0.3170345147098831
strain	59	3.0628668282520293	717.284720910271	1.165217898219154	0.16151202749140894	0.41964285714285715	0.23325062034739455	47.0	65.0	244.0	112.0	0.13202247191011235	2.630731050545617	0.5575355896659473	0.5826089491095768
strain	58	3.0628668282520293	717.284720910271	0.9237964770082223	0.18947368421052632	0.46956521739130436	0.27	54.0	61.0	231.0	115.0	0.15606936416184972	2.8096542143652883	0.5921379143803411	0.4618982385041114
strain	57	3.0628668282520293	717.284720910271	0.9816310417599001	0.16981132075471697	0.42857142857142855	0.24324324324324323	36.0	48.0	176.0	84.0	0.13846153846153847	2.4920331574396757	0.5624320008198563	0.49081552087994956
strain	56	3.0628668282520293	717.284720910271	0.23505776940532425	0.12371134020618557	0.6857142857142857	0.20960698689956334	24.0	11.0	170.0	35.0	0.11707317073170732	0.6781613171647518	0.19074400183498633	0.1175288847026622
strain	55	3.0628668282520293	717.284720910271	0.2550946597447484	0.1095890410958904	0.6153846153846154	0.18604651162790695	24.0	15.0	195.0	39.0	0.10256410256410256	0.6053920590772781	0.16524686017412643	0.12754732987237413
strain	54	3.0628668282520293	717.284720910271	0.5164237314101523	0.1407035175879397	0.509090909090909	0.22047244094488191	28.0	27.0	171.0	55.0	0.12389380530973451	1.4312490760508225	0.3571574934984583	0.25821186570507615
strain	39	3.0628668282520293	717.284720910271	1.273790421810846	0.21301775147928995	0.5625	0.3090128755364807	36.0	28.0	133.0	64.0	0.18274111675126903	3.1429592778276216	0.7557219606396447	0.6368952109054231
strain	53	3.0628668282520293	717.284720910271	0.4561057200025258	0.15384615384615385	0.5957446808510638	0.2445414847161572	28.0	19.0	154.0	47.0	0.13930348258706468	1.2101899909252347	0.31432301202886975	0.2280528600012629
strain	51	3.0628668282520293	717.284720910271	1.0239513836380585	0.19911504424778761	0.6	0.29900332225913623	45.0	30.0	181.0	75.0	0.17578125	2.9870304061696666	0.6918445002325878	0.5119756918190299
strain	50	3.0628668282520293	717.284720910271	1.7630512079245981	0.12389380530973451	0.18421052631578946	0.14814814814814814	14.0	62.0	99.0	76.0	0.08	2.440383543557163	0.5635035343450203	0.8815256039622997
strain	5	3.0628668282520293	717.284720910271	0.558811913279423	0.16141732283464566	0.6307692307692307	0.25705329153605017	41.0	24.0	213.0	65.0	0.1474820143884892	1.495228892253378	0.3581912255809366	0.2794059566397116
strain	49	3.0628668282520293	717.284720910271	0.4648195350476425	0.16842105263157894	0.5	0.25196850393700787	16.0	16.0	79.0	32.0	0.14414414414414414	1.8154735489543108	0.5238349371882942	0.23240976752382134
strain	48	3.0628668282520293	717.284720910271	0.7068741838523843	0.1821705426356589	0.5875	0.2781065088757397	47.0	33.0	211.0	80.0	0.16151202749140894	2.8012765354766445	0.6392650636376428	0.3534370919261922
strain	47	3.0628668282520293	717.284720910271	0.6659498592109777	0.1989247311827957	0.4567901234567901	0.2771535580524344	37.0	44.0	149.0	81.0	0.1608695652173913	3.137952676689206	0.7140719044052992	0.33297492960548913
strain	46	3.0628668282520293	717.284720910271	1.6503442652562015	0.17010309278350516	0.4074074074074074	0.24000000000000002	33.0	48.0	161.0	81.0	0.13636363636363635	2.568287738114398	0.5844390611241097	0.8251721326281004
strain	45	3.0628668282520293	717.284720910271	0.2681366380591898	0.09821428571428571	0.5945945945945946	0.1685823754789272	22.0	15.0	202.0	37.0	0.09205020920502092	0.5789357482273383	0.16032924653315972	0.1340683190295949
strain	44	3.0628668282520293	717.284720910271	1.2519968241083674	0.18473895582329317	0.46464646464646464	0.26436781609195403	46.0	53.0	203.0	99.0	0.152317880794702	3.3215469176475843	0.7228422818069254	0.6259984120541837
strain	43	3.0628668282520293	717.284720910271	1.3242307501350323	0.1724137931034483	0.4326923076923077	0.24657534246575344	45.0	59.0	216.0	104.0	0.140625	3.3267030637402	0.7162840372362329	0.6621153750675159
strain	42	3.0628668282520293	717.284720910271	0.7166211698688774	0.200836820083682	0.5393258426966292	0.2926829268292683	48.0	41.0	191.0	89.0	0.17142857142857143	2.9162716952707908	0.6497010350261052	0.3583105849344386
strain	41	3.0628668282520293	717.284720910271	1.2701654740057535	0.2289156626506024	0.31666666666666665	0.26573426573426573	38.0	82.0	128.0	120.0	0.1532258064516129	3.414085510466845	0.7131261407634084	0.635082737002877
strain	40	3.0628668282520293	717.284720910271	0.9572936254966575	0.19434628975265017	0.5445544554455446	0.2864583333333333	55.0	46.0	228.0	101.0	0.16717325227963525	3.1043607761273524	0.6726499914355604	0.4786468127483291
strain	52	3.0628668282520293	717.284720910271	1.633742238184366	0.11764705882352941	0.1590909090909091	0.13526570048309178	14.0	74.0	105.0	88.0	0.07253886010362694	3.3474569543674955	0.7476446586602423	0.8168711190921831
strain	38	3.0628668282520293	717.284720910271	1.336434043720983	0.22123893805309736	0.21739130434782608	0.2192982456140351	25.0	90.0	88.0	115.0	0.12315270935960591	3.3129888825355347	0.6982162848509152	0.668217021860492
