tool	sample	Weighted UniFrac error	Unweighted UniFrac error	L1 norm error	Completeness (recall)	Purity (precision)	F1 score	True positives	False positives	False negatives	Taxon counts	Jaccard index	Shannon diversity	Shannon equitability	Bray-Curtis distance
sourmash	8	1.3729255564735925	667.5243576622757	0.0	1.0	1.0	1.0	1.0	0.0	0.0	1.0	1.0	0.0	0.0	0.0
sourmash	39	1.8749256544309412	649.396594289226	0.0	1.0	1.0	1.0	1.0	0.0	0.0	1.0	1.0	0.0	0.0	0.0
sourmash	4	2.5086069823327573	277.6924076461687	0.0	1.0	1.0	1.0	1.0	0.0	0.0	1.0	1.0	0.0	0.0	0.0
sourmash	40	2.0707799138583196	1200.384603037134	0.0	1.0	1.0	1.0	1.0	0.0	0.0	1.0	1.0	0.0	0.0	0.0
sourmash	41	2.0695953084214294	640.4522833827199	0.0	1.0	1.0	1.0	1.0	0.0	0.0	1.0	1.0	0.0	0.0	0.0
sourmash	42	1.7458934893268034	977.4764143863686	0.0	1.0	1.0	1.0	1.0	0.0	0.0	1.0	1.0	0.0	0.0	0.0
sourmash	43	1.57050182572014	1155.193972601423	0.0	1.0	1.0	1.0	1.0	0.0	0.0	1.0	1.0	0.0	0.0	0.0
sourmash	44	1.6026392878455913	1057.2319322409753	0.0	1.0	1.0	1.0	1.0	0.0	0.0	1.0	1.0	0.0	0.0	0.0
sourmash	45	1.4271801892112967	1205.9159840230066	0.0	1.0	1.0	1.0	1.0	0.0	0.0	1.0	1.0	0.0	0.0	0.0
sourmash	46	2.8125853892551462	899.9952584099249	0.0	1.0	1.0	1.0	1.0	0.0	0.0	1.0	1.0	0.0	0.0	0.0
sourmash	47	1.7802590383292358	782.0784227843315	0.0	1.0	1.0	1.0	1.0	0.0	0.0	1.0	1.0	0.0	0.0	0.0
sourmash	48	2.0042949423728746	1255.3589458547433	0.0	1.0	1.0	1.0	1.0	0.0	0.0	1.0	1.0	0.0	0.0	0.0
sourmash	49	1.6127318233589896	442.0706382871345	0.0	1.0	1.0	1.0	1.0	0.0	0.0	1.0	1.0	0.0	0.0	0.0
sourmash	5	2.207646557942994	1272.8767737349665	0.0	1.0	1.0	1.0	1.0	0.0	0.0	1.0	1.0	0.0	0.0	0.0
sourmash	38	1.8127697007468164	516.449672413593	0.0	1.0	1.0	1.0	1.0	0.0	0.0	1.0	1.0	0.0	0.0	0.0
sourmash	50	1.9797483560396572	519.4063943180406	0.0	1.0	1.0	1.0	1.0	0.0	0.0	1.0	1.0	0.0	0.0	0.0
sourmash	52	1.5520851762419838	651.386589573028	0.0	1.0	1.0	1.0	1.0	0.0	0.0	1.0	1.0	0.0	0.0	0.0
sourmash	53	2.4664959542043707	849.8833581427712	0.0	1.0	1.0	1.0	1.0	0.0	0.0	1.0	1.0	0.0	0.0	0.0
sourmash	54	2.6809739026008876	928.0715767895936	0.0	1.0	1.0	1.0	1.0	0.0	0.0	1.0	1.0	0.0	0.0	0.0
sourmash	55	1.5346623804798827	1144.9902725410586	0.0	1.0	1.0	1.0	1.0	0.0	0.0	1.0	1.0	0.0	0.0	0.0
sourmash	56	1.4939872489607922	1078.0306841117863	0.0	1.0	1.0	1.0	1.0	0.0	0.0	1.0	1.0	0.0	0.0	0.0
sourmash	57	1.534582011810391	913.4658135839377	0.0	1.0	1.0	1.0	1.0	0.0	0.0	1.0	1.0	0.0	0.0	0.0
sourmash	58	1.5742411040666462	1239.5532913100046	0.0	1.0	1.0	1.0	1.0	0.0	0.0	1.0	1.0	0.0	0.0	0.0
sourmash	59	1.5687992945412765	1332.3421249969815	0.0	1.0	1.0	1.0	1.0	0.0	0.0	1.0	1.0	0.0	0.0	0.0
sourmash	6	2.368034519509212	1175.8651028907052	0.0	1.0	1.0	1.0	1.0	0.0	0.0	1.0	1.0	0.0	0.0	0.0
sourmash	60	1.421779587887157	1353.2606321920375	0.0	1.0	1.0	1.0	1.0	0.0	0.0	1.0	1.0	0.0	0.0	0.0
sourmash	61	1.7393731563168002	1268.406953754678	0.0	1.0	1.0	1.0	1.0	0.0	0.0	1.0	1.0	0.0	0.0	0.0
sourmash	62	2.5597977033169803	453.8457832175448	0.0	1.0	1.0	1.0	1.0	0.0	0.0	1.0	1.0	0.0	0.0	0.0
sourmash	63	2.238912854982042	267.2534626555421	0.0	1.0	1.0	1.0	1.0	0.0	0.0	1.0	1.0	0.0	0.0	0.0
sourmash	51	1.7596067367857242	990.5768057747457	0.0	1.0	1.0	1.0	1.0	0.0	0.0	1.0	1.0	0.0	0.0	0.0
sourmash	37	2.0642566018346047	1214.1700516185697	0.0	1.0	1.0	1.0	1.0	0.0	0.0	1.0	1.0	0.0	0.0	0.0
sourmash	36	1.9161846151842745	1045.4995738689695	0.0	1.0	1.0	1.0	1.0	0.0	0.0	1.0	1.0	0.0	0.0	0.0
sourmash	35	2.4134554300600453	285.49487653932795	0.0	1.0	1.0	1.0	1.0	0.0	0.0	1.0	1.0	0.0	0.0	0.0
sourmash	0	2.619838488524765	317.81970438319684	0.0	1.0	1.0	1.0	1.0	0.0	0.0	1.0	1.0	0.0	0.0	0.0
sourmash	1	1.7077097781511175	434.41637571742234	0.0	1.0	1.0	1.0	1.0	0.0	0.0	1.0	1.0	0.0	0.0	0.0
sourmash	10	2.2311300583043794	629.2738313271607	0.0	1.0	1.0	1.0	1.0	0.0	0.0	1.0	1.0	0.0	0.0	0.0
sourmash	11	1.8108304682148155	932.4407562660045	0.0	1.0	1.0	1.0	1.0	0.0	0.0	1.0	1.0	0.0	0.0	0.0
sourmash	12	3.0651765864592027	821.3826164747147	0.0	1.0	1.0	1.0	1.0	0.0	0.0	1.0	1.0	0.0	0.0	0.0
sourmash	13	1.8984573624488563	582.4366977045185	0.0	1.0	1.0	1.0	1.0	0.0	0.0	1.0	1.0	0.0	0.0	0.0
sourmash	14	1.8829987849674847	846.8903354316872	0.0	1.0	1.0	1.0	1.0	0.0	0.0	1.0	1.0	0.0	0.0	0.0
sourmash	15	2.6837873576335474	950.2460405067296	0.0	1.0	1.0	1.0	1.0	0.0	0.0	1.0	1.0	0.0	0.0	0.0
sourmash	16	2.8745025486617455	417.3159958686452	0.0	1.0	1.0	1.0	1.0	0.0	0.0	1.0	1.0	0.0	0.0	0.0
sourmash	17	2.5420059291581394	879.397680953627	0.0	1.0	1.0	1.0	1.0	0.0	0.0	1.0	1.0	0.0	0.0	0.0
sourmash	18	2.702032880623414	382.0182998232441	0.0	1.0	1.0	1.0	1.0	0.0	0.0	1.0	1.0	0.0	0.0	0.0
sourmash	19	2.8561396194970254	788.1423093132005	0.0	1.0	1.0	1.0	1.0	0.0	0.0	1.0	1.0	0.0	0.0	0.0
sourmash	2	3.3064692467724375	342.12118570774635	0.0	1.0	1.0	1.0	1.0	0.0	0.0	1.0	1.0	0.0	0.0	0.0
sourmash	20	2.983781215310221	788.974250528762	0.0	1.0	1.0	1.0	1.0	0.0	0.0	1.0	1.0	0.0	0.0	0.0
sourmash	21	2.8143695617774713	539.3763039489972	0.0	1.0	1.0	1.0	1.0	0.0	0.0	1.0	1.0	0.0	0.0	0.0
sourmash	22	2.120710015799383	1115.0053035693672	0.0	1.0	1.0	1.0	1.0	0.0	0.0	1.0	1.0	0.0	0.0	0.0
sourmash	23	2.382430474224742	556.1658830750857	0.0	1.0	1.0	1.0	1.0	0.0	0.0	1.0	1.0	0.0	0.0	0.0
sourmash	24	2.3827933518857862	1277.2766512145263	0.0	1.0	1.0	1.0	1.0	0.0	0.0	1.0	1.0	0.0	0.0	0.0
sourmash	25	2.328980947504602	1143.965771785223	0.0	1.0	1.0	1.0	1.0	0.0	0.0	1.0	1.0	0.0	0.0	0.0
sourmash	26	2.7004442540545424	435.5565257972583	0.0	1.0	1.0	1.0	1.0	0.0	0.0	1.0	1.0	0.0	0.0	0.0
sourmash	27	2.1760623790192892	1150.689175006526	0.0	1.0	1.0	1.0	1.0	0.0	0.0	1.0	1.0	0.0	0.0	0.0
sourmash	28	2.526086735415909	1177.5548671309102	0.0	1.0	1.0	1.0	1.0	0.0	0.0	1.0	1.0	0.0	0.0	0.0
sourmash	29	2.4053526801822467	548.5395233919592	0.0	1.0	1.0	1.0	1.0	0.0	0.0	1.0	1.0	0.0	0.0	0.0
sourmash	3	2.7493822694564014	616.9408987083488	0.0	1.0	1.0	1.0	1.0	0.0	0.0	1.0	1.0	0.0	0.0	0.0
sourmash	30	1.9583727577671846	1193.4116435935214	0.0	1.0	1.0	1.0	1.0	0.0	0.0	1.0	1.0	0.0	0.0	0.0
sourmash	31	1.8590948844444921	824.998656858089	0.0	1.0	1.0	1.0	1.0	0.0	0.0	1.0	1.0	0.0	0.0	0.0
sourmash	32	2.1804359689124557	252.14307064156532	0.0	1.0	1.0	1.0	1.0	0.0	0.0	1.0	1.0	0.0	0.0	0.0
sourmash	33	1.5964786427555981	1146.7228894873433	0.0	1.0	1.0	1.0	1.0	0.0	0.0	1.0	1.0	0.0	0.0	0.0
sourmash	34	2.180736798567781	1217.4695835466568	0.0	1.0	1.0	1.0	1.0	0.0	0.0	1.0	1.0	0.0	0.0	0.0
sourmash	7	2.3040877020021404	325.8818515623771	0.0	1.0	1.0	1.0	1.0	0.0	0.0	1.0	1.0	0.0	0.0	0.0
sourmash	9	2.1573860552786046	629.3468393465554	0.0	1.0	1.0	1.0	1.0	0.0	0.0	1.0	1.0	0.0	0.0	0.0
motus2.5.1	9	7.439483442056484	1032.7240486704168	0.0	1.0	1.0	1.0	1.0	0.0	0.0	1.0	1.0	0.0	0.0	0.0
motus2.5.1	63	3.6687167624927612	591.5446991192044	0.0	1.0	1.0	1.0	1.0	0.0	0.0	1.0	1.0	0.0	0.0	0.0
motus2.5.1	33	1.8470522472388742	2097.8441316027483	0.0	1.0	1.0	1.0	1.0	0.0	0.0	1.0	1.0	0.0	0.0	0.0
motus2.5.1	32	2.5548245573402366	509.7766932771776	0.0	1.0	1.0	1.0	1.0	0.0	0.0	1.0	1.0	0.0	0.0	0.0
motus2.5.1	31	1.952967896753206	1563.5921436954286	0.0	1.0	1.0	1.0	1.0	0.0	0.0	1.0	1.0	0.0	0.0	0.0
motus2.5.1	30	2.1078516280659922	2060.745056128468	0.0	1.0	1.0	1.0	1.0	0.0	0.0	1.0	1.0	0.0	0.0	0.0
motus2.5.1	3	1.4438027332863996	1171.932422554261	0.0	1.0	1.0	1.0	1.0	0.0	0.0	1.0	1.0	0.0	0.0	0.0
motus2.5.1	29	3.78621387577845	986.9843755308674	0.0	1.0	1.0	1.0	1.0	0.0	0.0	1.0	1.0	0.0	0.0	0.0
motus2.5.1	28	3.1618072151352963	2101.121990478758	0.0	1.0	1.0	1.0	1.0	0.0	0.0	1.0	1.0	0.0	0.0	0.0
motus2.5.1	27	2.4625162186265026	2195.8361718661286	0.0	1.0	1.0	1.0	1.0	0.0	0.0	1.0	1.0	0.0	0.0	0.0
motus2.5.1	26	2.399269331055716	910.2275809579811	0.0	1.0	1.0	1.0	1.0	0.0	0.0	1.0	1.0	0.0	0.0	0.0
motus2.5.1	25	2.63050176217021	2162.9835131999016	0.0	1.0	1.0	1.0	1.0	0.0	0.0	1.0	1.0	0.0	0.0	0.0
motus2.5.1	24	2.4100393043252506	2201.747262815553	0.0	1.0	1.0	1.0	1.0	0.0	0.0	1.0	1.0	0.0	0.0	0.0
motus2.5.1	23	3.080850149476914	1055.6340144625979	0.0	1.0	1.0	1.0	1.0	0.0	0.0	1.0	1.0	0.0	0.0	0.0
motus2.5.1	22	2.3352627142553173	2081.8094525776714	0.0	1.0	1.0	1.0	1.0	0.0	0.0	1.0	1.0	0.0	0.0	0.0
motus2.5.1	34	2.1853483502141686	2381.3686565631947	0.0	1.0	1.0	1.0	1.0	0.0	0.0	1.0	1.0	0.0	0.0	0.0
motus2.5.1	21	3.0243896897466396	994.0339198862998	0.0	1.0	1.0	1.0	1.0	0.0	0.0	1.0	1.0	0.0	0.0	0.0
motus2.5.1	2	2.62284552723359	717.4006890189288	0.0	1.0	1.0	1.0	1.0	0.0	0.0	1.0	1.0	0.0	0.0	0.0
motus2.5.1	19	2.542554530828086	1438.9776628703369	0.0	1.0	1.0	1.0	1.0	0.0	0.0	1.0	1.0	0.0	0.0	0.0
motus2.5.1	18	2.6308970641072995	750.2737672447533	0.0	1.0	1.0	1.0	1.0	0.0	0.0	1.0	1.0	0.0	0.0	0.0
motus2.5.1	17	2.3843357190009424	1522.1838393188327	0.0	1.0	1.0	1.0	1.0	0.0	0.0	1.0	1.0	0.0	0.0	0.0
motus2.5.1	16	2.912480523896564	791.2928898585741	0.0	1.0	1.0	1.0	1.0	0.0	0.0	1.0	1.0	0.0	0.0	0.0
motus2.5.1	15	2.88997115613955	1878.0103930622367	0.0	1.0	1.0	1.0	1.0	0.0	0.0	1.0	1.0	0.0	0.0	0.0
motus2.5.1	14	1.979757883623174	1735.95831058048	0.0	1.0	1.0	1.0	1.0	0.0	0.0	1.0	1.0	0.0	0.0	0.0
motus2.5.1	13	2.725341186425923	1126.2343134972073	0.0	1.0	1.0	1.0	1.0	0.0	0.0	1.0	1.0	0.0	0.0	0.0
motus2.5.1	12	2.834579984810816	1672.6600631287963	0.0	1.0	1.0	1.0	1.0	0.0	0.0	1.0	1.0	0.0	0.0	0.0
motus2.5.1	11	1.9386935658406377	1690.4198560511952	0.0	1.0	1.0	1.0	1.0	0.0	0.0	1.0	1.0	0.0	0.0	0.0
motus2.5.1	10	2.7710446485709905	1229.9772563318927	0.0	1.0	1.0	1.0	1.0	0.0	0.0	1.0	1.0	0.0	0.0	0.0
motus2.5.1	1	2.2005514894565636	810.1320115177133	0.0	1.0	1.0	1.0	1.0	0.0	0.0	1.0	1.0	0.0	0.0	0.0
motus2.5.1	0	2.9433834033307957	697.4826902669976	0.0	1.0	1.0	1.0	1.0	0.0	0.0	1.0	1.0	0.0	0.0	0.0
motus2.5.1	20	2.6305827594469933	1482.9825796411214	0.0	1.0	1.0	1.0	1.0	0.0	0.0	1.0	1.0	0.0	0.0	0.0
motus2.5.1	7	2.354997980751801	688.1936269413967	0.0	1.0	1.0	1.0	1.0	0.0	0.0	1.0	1.0	0.0	0.0	0.0
motus2.5.1	35	2.700124008825874	597.761359931194	0.0	1.0	1.0	1.0	1.0	0.0	0.0	1.0	1.0	0.0	0.0	0.0
motus2.5.1	37	2.2528426013616305	2180.8853049297286	0.0	1.0	1.0	1.0	1.0	0.0	0.0	1.0	1.0	0.0	0.0	0.0
motus2.5.1	62	3.4834880517256623	862.1080730353519	0.0	1.0	1.0	1.0	1.0	0.0	0.0	1.0	1.0	0.0	0.0	0.0
motus2.5.1	61	1.7891039354419798	2394.3334642895215	0.0	1.0	1.0	1.0	1.0	0.0	0.0	1.0	1.0	0.0	0.0	0.0
motus2.5.1	60	1.9186967963779584	2341.420104249564	0.0	1.0	1.0	1.0	1.0	0.0	0.0	1.0	1.0	0.0	0.0	0.0
motus2.5.1	6	2.968170634047597	2230.891580328567	0.0	1.0	1.0	1.0	1.0	0.0	0.0	1.0	1.0	0.0	0.0	0.0
motus2.5.1	59	2.227179427745083	2370.3799897588115	0.0	1.0	1.0	1.0	1.0	0.0	0.0	1.0	1.0	0.0	0.0	0.0
motus2.5.1	58	1.9725056983188023	2303.954294091901	0.0	1.0	1.0	1.0	1.0	0.0	0.0	1.0	1.0	0.0	0.0	0.0
motus2.5.1	57	1.8405840474554689	1783.0529746333423	0.0	1.0	1.0	1.0	1.0	0.0	0.0	1.0	1.0	0.0	0.0	0.0
motus2.5.1	56	4.834413025324866	1850.2504979419662	0.0	1.0	1.0	1.0	1.0	0.0	0.0	1.0	1.0	0.0	0.0	0.0
motus2.5.1	55	4.847251732690615	1980.2851111254963	0.0	1.0	1.0	1.0	1.0	0.0	0.0	1.0	1.0	0.0	0.0	0.0
motus2.5.1	54	3.361926241394005	1747.318311255915	0.0	1.0	1.0	1.0	1.0	0.0	0.0	1.0	1.0	0.0	0.0	0.0
motus2.5.1	53	3.646101503536389	1635.074038830347	0.0	1.0	1.0	1.0	1.0	0.0	0.0	1.0	1.0	0.0	0.0	0.0
motus2.5.1	52	4.8899469957728074	1044.335881204732	0.0	1.0	1.0	1.0	1.0	0.0	0.0	1.0	1.0	0.0	0.0	0.0
motus2.5.1	51	2.1165521874334225	1963.6337243859066	0.0	1.0	1.0	1.0	1.0	0.0	0.0	1.0	1.0	0.0	0.0	0.0
motus2.5.1	36	2.081686754481234	2024.6400642462686	0.0	1.0	1.0	1.0	1.0	0.0	0.0	1.0	1.0	0.0	0.0	0.0
motus2.5.1	50	2.04715332791621	972.8260661482558	0.0	1.0	1.0	1.0	1.0	0.0	0.0	1.0	1.0	0.0	0.0	0.0
motus2.5.1	49	2.3116503971288225	872.0944287479015	0.0	1.0	1.0	1.0	1.0	0.0	0.0	1.0	1.0	0.0	0.0	0.0
motus2.5.1	48	2.326603379372149	2321.9168091559927	0.0	1.0	1.0	1.0	1.0	0.0	0.0	1.0	1.0	0.0	0.0	0.0
motus2.5.1	47	2.0972264425560927	1572.965165039421	0.0	1.0	1.0	1.0	1.0	0.0	0.0	1.0	1.0	0.0	0.0	0.0
motus2.5.1	46	1.6038641120458232	1660.3240304485025	0.0	1.0	1.0	1.0	1.0	0.0	0.0	1.0	1.0	0.0	0.0	0.0
motus2.5.1	45	4.776714742214628	2052.9033895128377	0.0	1.0	1.0	1.0	1.0	0.0	0.0	1.0	1.0	0.0	0.0	0.0
motus2.5.1	44	1.8704699343519344	2018.9041692172445	0.0	1.0	1.0	1.0	1.0	0.0	0.0	1.0	1.0	0.0	0.0	0.0
motus2.5.1	43	1.7904036913283128	2113.962277261751	0.0	1.0	1.0	1.0	1.0	0.0	0.0	1.0	1.0	0.0	0.0	0.0
motus2.5.1	42	1.9481064381683857	2031.4435688265453	0.0	1.0	1.0	1.0	1.0	0.0	0.0	1.0	1.0	0.0	0.0	0.0
motus2.5.1	41	3.0896681782804265	1347.0674761198575	0.0	1.0	1.0	1.0	1.0	0.0	0.0	1.0	1.0	0.0	0.0	0.0
motus2.5.1	40	2.1271898970846936	2403.5933742954053	0.0	1.0	1.0	1.0	1.0	0.0	0.0	1.0	1.0	0.0	0.0	0.0
motus2.5.1	4	3.020884940737134	585.7774868416179	0.0	1.0	1.0	1.0	1.0	0.0	0.0	1.0	1.0	0.0	0.0	0.0
motus2.5.1	39	2.2182915676434716	1406.4476440793176	0.0	1.0	1.0	1.0	1.0	0.0	0.0	1.0	1.0	0.0	0.0	0.0
motus2.5.1	38	3.3275050975225056	955.5446756278754	0.0	1.0	1.0	1.0	1.0	0.0	0.0	1.0	1.0	0.0	0.0	0.0
motus2.5.1	5	3.747853324938888	2201.3112530745047	0.0	1.0	1.0	1.0	1.0	0.0	0.0	1.0	1.0	0.0	0.0	0.0
motus2.5.1	8	3.9524441829466412	961.5548466801653	0.0	1.0	1.0	1.0	1.0	0.0	0.0	1.0	1.0	0.0	0.0	0.0
metaphlan2.9.21	0	1.4119459442843179	500.7307408091324	0.0	1.0	1.0	1.0	1.0	0.0	0.0	1.0	1.0	0.0	0.0	0.0
metaphlan2.9.21	37	2.771017714326114	1941.2716670722828	0.0	1.0	1.0	1.0	1.0	0.0	0.0	1.0	1.0	0.0	0.0	0.0
metaphlan2.9.21	1	3.2386091544757507	674.291331816954	0.0	1.0	1.0	1.0	1.0	0.0	0.0	1.0	1.0	0.0	0.0	0.0
metaphlan2.9.21	40	3.4423978185749333	2104.9320782712043	0.0	1.0	1.0	1.0	1.0	0.0	0.0	1.0	1.0	0.0	0.0	0.0
metaphlan2.9.21	41	2.1226463411377052	1138.9502513587634	0.0	1.0	1.0	1.0	1.0	0.0	0.0	1.0	1.0	0.0	0.0	0.0
metaphlan2.9.21	42	2.720180848499151	1742.3475468038569	0.0	1.0	1.0	1.0	1.0	0.0	0.0	1.0	1.0	0.0	0.0	0.0
metaphlan2.9.21	43	2.3443054868359363	1906.1421269392267	0.0	1.0	1.0	1.0	1.0	0.0	0.0	1.0	1.0	0.0	0.0	0.0
metaphlan2.9.21	44	2.649824132398525	1800.9004982849158	0.0	1.0	1.0	1.0	1.0	0.0	0.0	1.0	1.0	0.0	0.0	0.0
metaphlan2.9.21	45	6.503992133941903	1803.0198879733557	0.0	1.0	1.0	1.0	1.0	0.0	0.0	1.0	1.0	0.0	0.0	0.0
metaphlan2.9.21	46	3.2285946985026115	1404.7343608985375	0.0	1.0	1.0	1.0	1.0	0.0	0.0	1.0	1.0	0.0	0.0	0.0
metaphlan2.9.21	47	3.6442395315624876	1368.6334600841376	0.0	1.0	1.0	1.0	1.0	0.0	0.0	1.0	1.0	0.0	0.0	0.0
metaphlan2.9.21	48	3.297200761211843	2061.4339199338174	0.0	1.0	1.0	1.0	1.0	0.0	0.0	1.0	1.0	0.0	0.0	0.0
metaphlan2.9.21	49	3.5131672420463014	745.9465028296993	0.0	1.0	1.0	1.0	1.0	0.0	0.0	1.0	1.0	0.0	0.0	0.0
metaphlan2.9.21	5	5.563196265882336	1905.2205229734066	0.0	1.0	1.0	1.0	1.0	0.0	0.0	1.0	1.0	0.0	0.0	0.0
metaphlan2.9.21	50	1.4494600449481367	756.8085412585904	0.0	1.0	1.0	1.0	1.0	0.0	0.0	1.0	1.0	0.0	0.0	0.0
metaphlan2.9.21	51	3.2580269229584955	1695.634780405974	0.0	1.0	1.0	1.0	1.0	0.0	0.0	1.0	1.0	0.0	0.0	0.0
metaphlan2.9.21	4	1.9797238010384384	518.4510696909522	0.0	1.0	1.0	1.0	1.0	0.0	0.0	1.0	1.0	0.0	0.0	0.0
metaphlan2.9.21	53	5.363857509775193	1366.1395593323537	0.0	1.0	1.0	1.0	1.0	0.0	0.0	1.0	1.0	0.0	0.0	0.0
metaphlan2.9.21	55	6.672197870858165	1673.2059553650415	0.0	1.0	1.0	1.0	1.0	0.0	0.0	1.0	1.0	0.0	0.0	0.0
metaphlan2.9.21	56	6.314047527870887	1552.3310562820552	0.0	1.0	1.0	1.0	1.0	0.0	0.0	1.0	1.0	0.0	0.0	0.0
metaphlan2.9.21	57	1.8463245040719156	1537.347152198597	0.0	1.0	1.0	1.0	1.0	0.0	0.0	1.0	1.0	0.0	0.0	0.0
metaphlan2.9.21	58	1.953477386515861	2057.3678825535326	0.0	1.0	1.0	1.0	1.0	0.0	0.0	1.0	1.0	0.0	0.0	0.0
metaphlan2.9.21	59	1.7542639555933783	2156.9474865475336	0.0	1.0	1.0	1.0	1.0	0.0	0.0	1.0	1.0	0.0	0.0	0.0
metaphlan2.9.21	6	4.441242998856528	1901.9536741415209	0.0	1.0	1.0	1.0	1.0	0.0	0.0	1.0	1.0	0.0	0.0	0.0
metaphlan2.9.21	60	1.904492098082091	2073.973942165023	0.0	1.0	1.0	1.0	1.0	0.0	0.0	1.0	1.0	0.0	0.0	0.0
metaphlan2.9.21	61	2.371554303865702	2126.2293394142694	0.0	1.0	1.0	1.0	1.0	0.0	0.0	1.0	1.0	0.0	0.0	0.0
metaphlan2.9.21	62	2.8646916871783223	681.2369587986999	0.0	1.0	1.0	1.0	1.0	0.0	0.0	1.0	1.0	0.0	0.0	0.0
metaphlan2.9.21	63	2.4775275963119547	471.98159166884716	0.0	1.0	1.0	1.0	1.0	0.0	0.0	1.0	1.0	0.0	0.0	0.0
metaphlan2.9.21	7	1.5079535157573147	448.78171967499907	0.0	1.0	1.0	1.0	1.0	0.0	0.0	1.0	1.0	0.0	0.0	0.0
metaphlan2.9.21	8	3.6198846609395674	839.7269016056775	0.0	1.0	1.0	1.0	1.0	0.0	0.0	1.0	1.0	0.0	0.0	0.0
metaphlan2.9.21	9	3.668276258515582	887.203522726574	0.0	1.0	1.0	1.0	1.0	0.0	0.0	1.0	1.0	0.0	0.0	0.0
metaphlan2.9.21	54	4.40373791335989	1481.4122647589988	0.0	1.0	1.0	1.0	1.0	0.0	0.0	1.0	1.0	0.0	0.0	0.0
metaphlan2.9.21	39	3.9240070366623314	1196.4749487554059	0.0	1.0	1.0	1.0	1.0	0.0	0.0	1.0	1.0	0.0	0.0	0.0
metaphlan2.9.21	52	2.997316713423466	908.1548109492198	0.0	1.0	1.0	1.0	1.0	0.0	0.0	1.0	1.0	0.0	0.0	0.0
metaphlan2.9.21	36	3.3777126759862517	1810.7168839768271	0.0	1.0	1.0	1.0	1.0	0.0	0.0	1.0	1.0	0.0	0.0	0.0
metaphlan2.9.21	38	1.8021523235023729	835.995457583759	0.0	1.0	1.0	1.0	1.0	0.0	0.0	1.0	1.0	0.0	0.0	0.0
metaphlan2.9.21	10	2.0548515406012196	1022.687950881624	0.0	1.0	1.0	1.0	1.0	0.0	0.0	1.0	1.0	0.0	0.0	0.0
metaphlan2.9.21	11	2.909919484010296	1471.776982794439	0.0	1.0	1.0	1.0	1.0	0.0	0.0	1.0	1.0	0.0	0.0	0.0
metaphlan2.9.21	12	1.9399162546463673	1380.4677557188038	0.0	1.0	1.0	1.0	1.0	0.0	0.0	1.0	1.0	0.0	0.0	0.0
metaphlan2.9.21	13	1.7325558820678337	924.908981581856	0.0	1.0	1.0	1.0	1.0	0.0	0.0	1.0	1.0	0.0	0.0	0.0
metaphlan2.9.21	14	3.592276902291854	1509.9720597902688	0.0	1.0	1.0	1.0	1.0	0.0	0.0	1.0	1.0	0.0	0.0	0.0
metaphlan2.9.21	15	2.4852271831161583	1597.058065199536	0.0	1.0	1.0	1.0	1.0	0.0	0.0	1.0	1.0	0.0	0.0	0.0
metaphlan2.9.21	16	1.459408687487921	682.4125393642398	0.0	1.0	1.0	1.0	1.0	0.0	0.0	1.0	1.0	0.0	0.0	0.0
metaphlan2.9.21	17	2.8745300564406353	1243.3327862269703	0.0	1.0	1.0	1.0	1.0	0.0	0.0	1.0	1.0	0.0	0.0	0.0
metaphlan2.9.21	19	2.376628898808323	1162.0308341532382	0.0	1.0	1.0	1.0	1.0	0.0	0.0	1.0	1.0	0.0	0.0	0.0
metaphlan2.9.21	2	2.157260379698358	666.2804825280838	0.0	1.0	1.0	1.0	1.0	0.0	0.0	1.0	1.0	0.0	0.0	0.0
metaphlan2.9.21	20	2.319756589313209	1187.0571739907834	0.0	1.0	1.0	1.0	1.0	0.0	0.0	1.0	1.0	0.0	0.0	0.0
metaphlan2.9.21	21	4.876177845489453	826.8444649166395	0.0	1.0	1.0	1.0	1.0	0.0	0.0	1.0	1.0	0.0	0.0	0.0
metaphlan2.9.21	22	1.8241912353402816	1790.1008892907917	0.0	1.0	1.0	1.0	1.0	0.0	0.0	1.0	1.0	0.0	0.0	0.0
metaphlan2.9.21	18	1.605678041576226	567.745653713577	0.0	1.0	1.0	1.0	1.0	0.0	0.0	1.0	1.0	0.0	0.0	0.0
metaphlan2.9.21	34	2.9936319612949376	2103.962095820636	0.0	1.0	1.0	1.0	1.0	0.0	0.0	1.0	1.0	0.0	0.0	0.0
metaphlan2.9.21	35	1.596728131642193	440.57161948198757	0.0	1.0	1.0	1.0	1.0	0.0	0.0	1.0	1.0	0.0	0.0	0.0
metaphlan2.9.21	23	2.7898254363939707	802.9870114262648	0.0	1.0	1.0	1.0	1.0	0.0	0.0	1.0	1.0	0.0	0.0	0.0
metaphlan2.9.21	33	3.302950234347958	1909.785840802119	0.0	1.0	1.0	1.0	1.0	0.0	0.0	1.0	1.0	0.0	0.0	0.0
metaphlan2.9.21	32	1.3011740371155824	417.1880011016231	0.0	1.0	1.0	1.0	1.0	0.0	0.0	1.0	1.0	0.0	0.0	0.0
metaphlan2.9.21	31	1.7850315970056934	1322.6343503275216	0.0	1.0	1.0	1.0	1.0	0.0	0.0	1.0	1.0	0.0	0.0	0.0
metaphlan2.9.21	3	2.3813617328239154	987.031158954929	0.0	1.0	1.0	1.0	1.0	0.0	0.0	1.0	1.0	0.0	0.0	0.0
metaphlan2.9.21	30	2.8935308663936388	1783.9086022290596	0.0	1.0	1.0	1.0	1.0	0.0	0.0	1.0	1.0	0.0	0.0	0.0
metaphlan2.9.21	28	2.9721798114214835	1828.5565326086917	0.0	1.0	1.0	1.0	1.0	0.0	0.0	1.0	1.0	0.0	0.0	0.0
metaphlan2.9.21	27	3.388044000108806	1982.8353064846158	0.0	1.0	1.0	1.0	1.0	0.0	0.0	1.0	1.0	0.0	0.0	0.0
metaphlan2.9.21	26	4.066723292237677	744.4531790881551	0.0	1.0	1.0	1.0	1.0	0.0	0.0	1.0	1.0	0.0	0.0	0.0
metaphlan2.9.21	25	2.332614552209043	1929.5901204397471	0.0	1.0	1.0	1.0	1.0	0.0	0.0	1.0	1.0	0.0	0.0	0.0
metaphlan2.9.21	24	2.778930801826892	2005.4801270564735	0.0	1.0	1.0	1.0	1.0	0.0	0.0	1.0	1.0	0.0	0.0	0.0
metaphlan2.9.21	29	3.470779440084182	842.1160043723208	0.0	1.0	1.0	1.0	1.0	0.0	0.0	1.0	1.0	0.0	0.0	0.0
metaphlan2.2.0	3	2.361572907859144	1223.8631600225608	0.0	1.0	1.0	1.0	1.0	0.0	0.0	1.0	1.0	0.0	0.0	0.0
metaphlan2.2.0	26	3.4973988611037106	1148.4103045004774	0.0	1.0	1.0	1.0	1.0	0.0	0.0	1.0	1.0	0.0	0.0	0.0
metaphlan2.2.0	27	2.3882735489560636	2512.7612843370557	0.0	1.0	1.0	1.0	1.0	0.0	0.0	1.0	1.0	0.0	0.0	0.0
metaphlan2.2.0	28	2.241460165300206	2376.0648155619106	0.0	1.0	1.0	1.0	1.0	0.0	0.0	1.0	1.0	0.0	0.0	0.0
metaphlan2.2.0	29	4.236540200024148	1224.616384811776	0.0	1.0	1.0	1.0	1.0	0.0	0.0	1.0	1.0	0.0	0.0	0.0
metaphlan2.2.0	30	2.591048894816587	2444.4755425638314	0.0	1.0	1.0	1.0	1.0	0.0	0.0	1.0	1.0	0.0	0.0	0.0
metaphlan2.2.0	36	2.9826684802405303	2353.581093098436	0.0	1.0	1.0	1.0	1.0	0.0	0.0	1.0	1.0	0.0	0.0	0.0
metaphlan2.2.0	32	2.978119229308219	608.4940483984473	0.0	1.0	1.0	1.0	1.0	0.0	0.0	1.0	1.0	0.0	0.0	0.0
metaphlan2.2.0	33	3.124830450524247	2616.703141409003	0.0	1.0	1.0	1.0	1.0	0.0	0.0	1.0	1.0	0.0	0.0	0.0
metaphlan2.2.0	34	3.0839692127481078	2772.594612131657	0.0	1.0	1.0	1.0	1.0	0.0	0.0	1.0	1.0	0.0	0.0	0.0
metaphlan2.2.0	35	2.524836064057338	693.6643143213687	0.0	1.0	1.0	1.0	1.0	0.0	0.0	1.0	1.0	0.0	0.0	0.0
metaphlan2.2.0	25	4.325920507622416	2510.7209158126075	0.0	1.0	1.0	1.0	1.0	0.0	0.0	1.0	1.0	0.0	0.0	0.0
metaphlan2.2.0	31	1.99998197916213	1769.8161596440777	0.0	1.0	1.0	1.0	1.0	0.0	0.0	1.0	1.0	0.0	0.0	0.0
metaphlan2.2.0	24	4.121801457309693	2592.9999740491885	0.0	1.0	1.0	1.0	1.0	0.0	0.0	1.0	1.0	0.0	0.0	0.0
metaphlan2.2.0	10	2.7594817154268627	1463.81237520662	0.0	1.0	1.0	1.0	1.0	0.0	0.0	1.0	1.0	0.0	0.0	0.0
metaphlan2.2.0	22	2.9484807957438055	2383.042851911897	0.0	1.0	1.0	1.0	1.0	0.0	0.0	1.0	1.0	0.0	0.0	0.0
metaphlan2.2.0	21	3.8318084417147777	1259.362018460953	0.0	1.0	1.0	1.0	1.0	0.0	0.0	1.0	1.0	0.0	0.0	0.0
metaphlan2.2.0	20	4.072776341555069	1804.3494202236302	0.0	1.0	1.0	1.0	1.0	0.0	0.0	1.0	1.0	0.0	0.0	0.0
metaphlan2.2.0	2	3.5897107788131093	933.9781642689649	0.0	1.0	1.0	1.0	1.0	0.0	0.0	1.0	1.0	0.0	0.0	0.0
metaphlan2.2.0	19	3.374479493192357	1673.5972963475217	0.0	1.0	1.0	1.0	1.0	0.0	0.0	1.0	1.0	0.0	0.0	0.0
metaphlan2.2.0	18	2.999819376093993	916.7372137560546	0.0	1.0	1.0	1.0	1.0	0.0	0.0	1.0	1.0	0.0	0.0	0.0
metaphlan2.2.0	17	4.363237662571602	1771.8680334493822	0.0	1.0	1.0	1.0	1.0	0.0	0.0	1.0	1.0	0.0	0.0	0.0
metaphlan2.2.0	16	3.531504714048262	914.2384957946301	0.0	1.0	1.0	1.0	1.0	0.0	0.0	1.0	1.0	0.0	0.0	0.0
metaphlan2.2.0	15	2.8505721734758662	2137.2450852245674	0.0	1.0	1.0	1.0	1.0	0.0	0.0	1.0	1.0	0.0	0.0	0.0
metaphlan2.2.0	14	2.8258069350459833	2004.4111114256	0.0	1.0	1.0	1.0	1.0	0.0	0.0	1.0	1.0	0.0	0.0	0.0
metaphlan2.2.0	13	2.4302103643177047	1361.417447296	0.0	1.0	1.0	1.0	1.0	0.0	0.0	1.0	1.0	0.0	0.0	0.0
metaphlan2.2.0	12	3.0443616626689813	1921.7528352659806	0.0	1.0	1.0	1.0	1.0	0.0	0.0	1.0	1.0	0.0	0.0	0.0
metaphlan2.2.0	11	3.1286154855046453	1743.7430390494171	0.0	1.0	1.0	1.0	1.0	0.0	0.0	1.0	1.0	0.0	0.0	0.0
metaphlan2.2.0	37	3.06136164049724	2378.2320003067434	0.0	1.0	1.0	1.0	1.0	0.0	0.0	1.0	1.0	0.0	0.0	0.0
metaphlan2.2.0	23	2.8260098543318097	1224.922335601862	0.0	1.0	1.0	1.0	1.0	0.0	0.0	1.0	1.0	0.0	0.0	0.0
metaphlan2.2.0	38	2.5146988706459896	1129.381455682524	0.0	1.0	1.0	1.0	1.0	0.0	0.0	1.0	1.0	0.0	0.0	0.0
metaphlan2.2.0	9	3.750488697861361	1023.7293211755177	0.0	1.0	1.0	1.0	1.0	0.0	0.0	1.0	1.0	0.0	0.0	0.0
metaphlan2.2.0	4	2.6031581244884103	650.8942210252887	0.0	1.0	1.0	1.0	1.0	0.0	0.0	1.0	1.0	0.0	0.0	0.0
metaphlan2.2.0	1	1.991564254474335	962.3611962553211	0.0	1.0	1.0	1.0	1.0	0.0	0.0	1.0	1.0	0.0	0.0	0.0
metaphlan2.2.0	8	5.586371317977193	974.6690347217586	0.0	1.0	1.0	1.0	1.0	0.0	0.0	1.0	1.0	0.0	0.0	0.0
metaphlan2.2.0	7	2.3262597745630207	738.3393484962805	0.0	1.0	1.0	1.0	1.0	0.0	0.0	1.0	1.0	0.0	0.0	0.0
metaphlan2.2.0	63	4.005835470155609	656.6317523174055	0.0	1.0	1.0	1.0	1.0	0.0	0.0	1.0	1.0	0.0	0.0	0.0
metaphlan2.2.0	62	4.284932342045291	1002.4073504479143	0.0	1.0	1.0	1.0	1.0	0.0	0.0	1.0	1.0	0.0	0.0	0.0
metaphlan2.2.0	61	3.5920867678261548	2755.5192147219436	0.0	1.0	1.0	1.0	1.0	0.0	0.0	1.0	1.0	0.0	0.0	0.0
metaphlan2.2.0	60	2.855251762811734	2665.344013622159	0.0	1.0	1.0	1.0	1.0	0.0	0.0	1.0	1.0	0.0	0.0	0.0
metaphlan2.2.0	6	1.3269581655441267	2498.5582473455056	0.0	1.0	1.0	1.0	1.0	0.0	0.0	1.0	1.0	0.0	0.0	0.0
metaphlan2.2.0	59	2.964190193800663	2723.5287167289907	0.0	1.0	1.0	1.0	1.0	0.0	0.0	1.0	1.0	0.0	0.0	0.0
metaphlan2.2.0	58	2.6627383206149338	2670.7505118997356	0.0	1.0	1.0	1.0	1.0	0.0	0.0	1.0	1.0	0.0	0.0	0.0
metaphlan2.2.0	57	2.614034987872312	1975.8125083950426	0.0	1.0	1.0	1.0	1.0	0.0	0.0	1.0	1.0	0.0	0.0	0.0
metaphlan2.2.0	56	0.775916702641709	2101.2552994348457	0.0	1.0	1.0	1.0	1.0	0.0	0.0	1.0	1.0	0.0	0.0	0.0
metaphlan2.2.0	55	0.8906175467238798	2278.289937337609	0.0	1.0	1.0	1.0	1.0	0.0	0.0	1.0	1.0	0.0	0.0	0.0
metaphlan2.2.0	54	2.5142864140206163	1996.3489246693516	0.0	1.0	1.0	1.0	1.0	0.0	0.0	1.0	1.0	0.0	0.0	0.0
metaphlan2.2.0	53	2.487321668791184	1888.001049269032	0.0	1.0	1.0	1.0	1.0	0.0	0.0	1.0	1.0	0.0	0.0	0.0
metaphlan2.2.0	52	5.983063525214234	1012.3542821690119	0.0	1.0	1.0	1.0	1.0	0.0	0.0	1.0	1.0	0.0	0.0	0.0
metaphlan2.2.0	51	2.57179636681729	2315.1046667021938	0.0	1.0	1.0	1.0	1.0	0.0	0.0	1.0	1.0	0.0	0.0	0.0
metaphlan2.2.0	50	3.677511724214238	963.932445817811	0.0	1.0	1.0	1.0	1.0	0.0	0.0	1.0	1.0	0.0	0.0	0.0
metaphlan2.2.0	5	1.1672475044159467	2486.673677688358	0.0	1.0	1.0	1.0	1.0	0.0	0.0	1.0	1.0	0.0	0.0	0.0
metaphlan2.2.0	49	1.9600494692786379	1056.4823500819707	0.0	1.0	1.0	1.0	1.0	0.0	0.0	1.0	1.0	0.0	0.0	0.0
metaphlan2.2.0	48	2.1499713159984397	2683.9492622921534	0.0	1.0	1.0	1.0	1.0	0.0	0.0	1.0	1.0	0.0	0.0	0.0
metaphlan2.2.0	47	2.8004672270969464	1836.2387537920042	0.0	1.0	1.0	1.0	1.0	0.0	0.0	1.0	1.0	0.0	0.0	0.0
metaphlan2.2.0	46	2.662721873275373	1935.1335829316038	0.0	1.0	1.0	1.0	1.0	0.0	0.0	1.0	1.0	0.0	0.0	0.0
metaphlan2.2.0	45	0.9825866922093764	2377.0469479261224	0.0	1.0	1.0	1.0	1.0	0.0	0.0	1.0	1.0	0.0	0.0	0.0
metaphlan2.2.0	44	4.4371966663765665	2316.452803909572	0.0	1.0	1.0	1.0	1.0	0.0	0.0	1.0	1.0	0.0	0.0	0.0
metaphlan2.2.0	43	4.832562985454012	2423.6380824125044	0.0	1.0	1.0	1.0	1.0	0.0	0.0	1.0	1.0	0.0	0.0	0.0
metaphlan2.2.0	42	2.7932073639639396	2389.5071857652797	0.0	1.0	1.0	1.0	1.0	0.0	0.0	1.0	1.0	0.0	0.0	0.0
metaphlan2.2.0	41	2.6523261561661564	1588.722015515817	0.0	1.0	1.0	1.0	1.0	0.0	0.0	1.0	1.0	0.0	0.0	0.0
metaphlan2.2.0	40	2.4940720870604043	2729.779940113654	0.0	1.0	1.0	1.0	1.0	0.0	0.0	1.0	1.0	0.0	0.0	0.0
metaphlan2.2.0	39	2.767215399753495	1687.1792931394864	0.0	1.0	1.0	1.0	1.0	0.0	0.0	1.0	1.0	0.0	0.0	0.0
metaphlan2.2.0	0	2.7581991473109233	776.3914656187793	0.0	1.0	1.0	1.0	1.0	0.0	0.0	1.0	1.0	0.0	0.0	0.0
metapalette1.0.0	8	9.528150944520357	1285.4167996808005	0.0	1.0	1.0	1.0	1.0	0.0	0.0	1.0	1.0	0.0	0.0	0.0
metapalette1.0.0	1	2.272231250757304	882.7257153459921	0.0	1.0	1.0	1.0	1.0	0.0	0.0	1.0	1.0	0.0	0.0	0.0
metapalette1.0.0	34	3.3439938039448696	2246.8259694344815	0.0	1.0	1.0	1.0	1.0	0.0	0.0	1.0	1.0	0.0	0.0	0.0
metapalette1.0.0	33	2.861313430772495	2165.7882824603766	0.0	1.0	1.0	1.0	1.0	0.0	0.0	1.0	1.0	0.0	0.0	0.0
metapalette1.0.0	32	3.853596732131439	796.098474524524	0.0	1.0	1.0	1.0	1.0	0.0	0.0	1.0	1.0	0.0	0.0	0.0
metapalette1.0.0	31	3.1123566256640234	1501.7343574898498	0.0	1.0	1.0	1.0	1.0	0.0	0.0	1.0	1.0	0.0	0.0	0.0
metapalette1.0.0	30	3.244855861422881	2048.4957095968284	0.0	1.0	1.0	1.0	1.0	0.0	0.0	1.0	1.0	0.0	0.0	0.0
metapalette1.0.0	3	3.7509072889873742	1069.2388444459152	0.0	1.0	1.0	1.0	1.0	0.0	0.0	1.0	1.0	0.0	0.0	0.0
metapalette1.0.0	29	5.312328243625366	858.3380232426938	0.0	1.0	1.0	1.0	1.0	0.0	0.0	1.0	1.0	0.0	0.0	0.0
metapalette1.0.0	28	4.6002832989058895	2236.5019825670793	0.0	1.0	1.0	1.0	1.0	0.0	0.0	1.0	1.0	0.0	0.0	0.0
metapalette1.0.0	27	3.8422540247159125	2263.30840778537	0.0	1.0	1.0	1.0	1.0	0.0	0.0	1.0	1.0	0.0	0.0	0.0
metapalette1.0.0	26	4.61809732802639	806.6808185836621	0.0009616656647074684	1.0	0.5	0.6666666666666666	1.0	1.0	0.0	2.0	0.5	0.004154275672582141	0.0059933529113199175	0.0004808328323537342
metapalette1.0.0	25	4.531328480468884	2100.6352078832974	0.0	1.0	1.0	1.0	1.0	0.0	0.0	1.0	1.0	0.0	0.0	0.0
metapalette1.0.0	24	4.051165358917706	2184.974183293164	0.0	1.0	1.0	1.0	1.0	0.0	0.0	1.0	1.0	0.0	0.0	0.0
metapalette1.0.0	23	4.395995100790247	1029.6202278777632	0.0	1.0	1.0	1.0	1.0	0.0	0.0	1.0	1.0	0.0	0.0	0.0
metapalette1.0.0	35	3.7122075915653725	1101.023493410495	0.0	1.0	1.0	1.0	1.0	0.0	0.0	1.0	1.0	0.0	0.0	0.0
metapalette1.0.0	22	3.2208338099743035	2196.1413505586856	0.0	1.0	1.0	1.0	1.0	0.0	0.0	1.0	1.0	0.0	0.0	0.0
metapalette1.0.0	20	3.652963635283363	1602.1643136870423	0.001194367401869037	1.0	0.5	0.6666666666666666	1.0	1.0	0.0	2.0	0.5	0.00503007062951023	0.007256857952515635	0.0005971837009345184
metapalette1.0.0	2	4.429865386927345	866.1523064064937	0.0	1.0	1.0	1.0	1.0	0.0	0.0	1.0	1.0	0.0	0.0	0.0
metapalette1.0.0	19	3.3619171454447443	1438.2593719580218	0.0	1.0	1.0	1.0	1.0	0.0	0.0	1.0	1.0	0.0	0.0	0.0
metapalette1.0.0	18	2.9943408505098303	861.5791565359024	0.0017599398987826408	1.0	0.5	0.6666666666666666	1.0	1.0	0.0	2.0	0.5	0.007070719301025557	0.01020089167110745	0.0008799699493913205
metapalette1.0.0	17	3.265667611183916	1480.4738886873017	0.0008904544637451348	1.0	0.5	0.6666666666666666	1.0	1.0	0.0	2.0	0.5	0.003880913603863651	0.005598974810412605	0.00044522723187256734
metapalette1.0.0	16	2.691893397439049	961.2975644269555	0.002776743366610736	1.0	0.5	0.6666666666666666	1.0	1.0	0.0	2.0	0.5	0.010522370638376235	0.015180571938381031	0.0013883716833053682
metapalette1.0.0	15	4.38634258150998	1613.0805873156469	0.0	1.0	1.0	1.0	1.0	0.0	0.0	1.0	1.0	0.0	0.0	0.0
metapalette1.0.0	14	3.8714036504403535	1568.0574770307696	0.0	1.0	1.0	1.0	1.0	0.0	0.0	1.0	1.0	0.0	0.0	0.0
metapalette1.0.0	13	3.0563900759383658	1135.1947473597977	0.0	1.0	1.0	1.0	1.0	0.0	0.0	1.0	1.0	0.0	0.0	0.0
metapalette1.0.0	12	4.843391842498218	1664.5553006470304	0.0010883508154221836	1.0	0.5	0.6666666666666666	1.0	1.0	0.0	2.0	0.5	0.004634179697479393	0.006685708068141838	0.0005441754077110918
metapalette1.0.0	11	3.2634799966853487	1501.957446919394	0.0	1.0	1.0	1.0	1.0	0.0	0.0	1.0	1.0	0.0	0.0	0.0
metapalette1.0.0	10	3.58137761296264	1220.8531380559207	0.0009754775869064147	1.0	0.5	0.6666666666666666	1.0	1.0	0.0	2.0	0.5	0.004206984449508952	0.0060693956024035515	0.00048773879345320736
metapalette1.0.0	0	3.062866828252028	717.284720910271	0.0020998937995150534	1.0	0.5	0.6666666666666666	1.0	1.0	0.0	2.0	0.5	0.008250997769244145	0.011903673564074428	0.0010499468997575267
metapalette1.0.0	21	5.156559382619572	900.0394525777014	0.0	1.0	1.0	1.0	1.0	0.0	0.0	1.0	1.0	0.0	0.0	0.0
metapalette1.0.0	36	3.576526993159011	1819.4609735086	0.0	1.0	1.0	1.0	1.0	0.0	0.0	1.0	1.0	0.0	0.0	0.0
metapalette1.0.0	9	8.91664205215158	1206.231100027301	0.0	1.0	1.0	1.0	1.0	0.0	0.0	1.0	1.0	0.0	0.0	0.0
metapalette1.0.0	38	3.490004848527709	940.8110622504488	0.0	1.0	1.0	1.0	1.0	0.0	0.0	1.0	1.0	0.0	0.0	0.0
metapalette1.0.0	7	3.7060199631135204	901.9928897320415	0.0	1.0	1.0	1.0	1.0	0.0	0.0	1.0	1.0	0.0	0.0	0.0
metapalette1.0.0	63	5.1140834528309655	650.4854025852559	0.0	1.0	1.0	1.0	1.0	0.0	0.0	1.0	1.0	0.0	0.0	0.0
metapalette1.0.0	62	5.552280834195412	879.2120970801925	0.0	1.0	1.0	1.0	1.0	0.0	0.0	1.0	1.0	0.0	0.0	0.0
metapalette1.0.0	61	3.6142446619638426	2373.5029607007746	0.0	1.0	1.0	1.0	1.0	0.0	0.0	1.0	1.0	0.0	0.0	0.0
metapalette1.0.0	60	3.3545841167437236	2477.711770852218	0.0	1.0	1.0	1.0	1.0	0.0	0.0	1.0	1.0	0.0	0.0	0.0
metapalette1.0.0	6	2.969310965976306	2399.4394784578853	0.0	1.0	1.0	1.0	1.0	0.0	0.0	1.0	1.0	0.0	0.0	0.0
metapalette1.0.0	59	3.6484904732144843	2432.71877241131	0.0	1.0	1.0	1.0	1.0	0.0	0.0	1.0	1.0	0.0	0.0	0.0
metapalette1.0.0	58	3.2450399874618387	2279.329205117816	0.0	1.0	1.0	1.0	1.0	0.0	0.0	1.0	1.0	0.0	0.0	0.0
metapalette1.0.0	37	3.1633264484656785	2049.9678815401658	0.0	1.0	1.0	1.0	1.0	0.0	0.0	1.0	1.0	0.0	0.0	0.0
metapalette1.0.0	56	1.4628476219666093	2063.4265319474316	0.0	1.0	1.0	1.0	1.0	0.0	0.0	1.0	1.0	0.0	0.0	0.0
metapalette1.0.0	55	1.6380265069197895	2343.351571418504	0.0	1.0	1.0	1.0	1.0	0.0	0.0	1.0	1.0	0.0	0.0	0.0
metapalette1.0.0	54	2.843491177287805	1891.0337266975043	0.0	1.0	1.0	1.0	1.0	0.0	0.0	1.0	1.0	0.0	0.0	0.0
metapalette1.0.0	53	2.410309218201874	1754.3824521733195	0.0	1.0	1.0	1.0	1.0	0.0	0.0	1.0	1.0	0.0	0.0	0.0
metapalette1.0.0	52	8.10925669196615	1406.447851917466	0.0	1.0	1.0	1.0	1.0	0.0	0.0	1.0	1.0	0.0	0.0	0.0
metapalette1.0.0	57	3.1959412806406156	1782.1982762614682	0.0	1.0	1.0	1.0	1.0	0.0	0.0	1.0	1.0	0.0	0.0	0.0
metapalette1.0.0	50	5.190658903717566	1124.9518331572904	0.0	1.0	1.0	1.0	1.0	0.0	0.0	1.0	1.0	0.0	0.0	0.0
metapalette1.0.0	39	4.022320993208588	1311.5513455764853	0.14436959944559338	1.0	0.5	0.6666666666666666	1.0	1.0	0.0	2.0	0.5	0.2592540306860217	0.37402450440119867	0.07218479972279669
metapalette1.0.0	51	3.0580219267353854	1897.7428751723037	0.13756439868577763	1.0	0.5	0.6666666666666666	1.0	1.0	0.0	2.0	0.5	0.250477422852186	0.36136253580349664	0.06878219934288882
metapalette1.0.0	4	3.4561620931103176	707.8483019396426	0.0	1.0	1.0	1.0	1.0	0.0	0.0	1.0	1.0	0.0	0.0	0.0
metapalette1.0.0	40	3.5278908604643595	2369.6094205201593	0.0	1.0	1.0	1.0	1.0	0.0	0.0	1.0	1.0	0.0	0.0	0.0
metapalette1.0.0	41	3.515921978030094	1195.135214660131	0.0	1.0	1.0	1.0	1.0	0.0	0.0	1.0	1.0	0.0	0.0	0.0
metapalette1.0.0	43	4.5461116373597115	2060.7651522510128	0.0	1.0	1.0	1.0	1.0	0.0	0.0	1.0	1.0	0.0	0.0	0.0
metapalette1.0.0	42	2.0423310718375447	2013.9188960032611	0.0	1.0	1.0	1.0	1.0	0.0	0.0	1.0	1.0	0.0	0.0	0.0
metapalette1.0.0	45	1.5841088546194664	2405.317411290264	0.0	1.0	1.0	1.0	1.0	0.0	0.0	1.0	1.0	0.0	0.0	0.0
metapalette1.0.0	46	4.07020782778449	1607.6882700591534	0.0	1.0	1.0	1.0	1.0	0.0	0.0	1.0	1.0	0.0	0.0	0.0
metapalette1.0.0	47	2.2689411998035625	1561.455035137363	0.0	1.0	1.0	1.0	1.0	0.0	0.0	1.0	1.0	0.0	0.0	0.0
metapalette1.0.0	48	2.086090282574163	2351.66436066151	0.0	1.0	1.0	1.0	1.0	0.0	0.0	1.0	1.0	0.0	0.0	0.0
metapalette1.0.0	49	1.6313852534660176	945.1630875425765	0.0	1.0	1.0	1.0	1.0	0.0	0.0	1.0	1.0	0.0	0.0	0.0
metapalette1.0.0	5	2.6850669427773464	2378.451522184681	0.0	1.0	1.0	1.0	1.0	0.0	0.0	1.0	1.0	0.0	0.0	0.0
metapalette1.0.0	44	4.240015054288977	1938.6407044355878	0.0	1.0	1.0	1.0	1.0	0.0	0.0	1.0	1.0	0.0	0.0	0.0
motus1.1	26	5.169757756244641	1446.9381146586077	0.0	1.0	1.0	1.0	1.0	0.0	0.0	1.0	1.0	0.0	0.0	0.0
motus1.1	23	3.562259973641044	3251.5190441186396	0.0	1.0	1.0	1.0	1.0	0.0	0.0	1.0	1.0	0.0	0.0	0.0
motus1.1	24	4.47730730757371	2612.5262628902024	0.0	1.0	1.0	1.0	1.0	0.0	0.0	1.0	1.0	0.0	0.0	0.0
motus1.1	25	4.626446000560373	2527.3542885603697	0.0	1.0	1.0	1.0	1.0	0.0	0.0	1.0	1.0	0.0	0.0	0.0
motus1.1	27	4.314423651805149	2319.2764541443494	0.0	1.0	1.0	1.0	1.0	0.0	0.0	1.0	1.0	0.0	0.0	0.0
motus1.1	33	4.061563434531553	2543.497016007155	0.0	1.0	1.0	1.0	1.0	0.0	0.0	1.0	1.0	0.0	0.0	0.0
motus1.1	29	4.105050759642373	1231.8864034775781	0.0	1.0	1.0	1.0	1.0	0.0	0.0	1.0	1.0	0.0	0.0	0.0
motus1.1	3	4.46095930103805	1341.6954255872636	0.0	1.0	1.0	1.0	1.0	0.0	0.0	1.0	1.0	0.0	0.0	0.0
motus1.1	30	3.602191903730343	2155.1480832761604	0.0	1.0	1.0	1.0	1.0	0.0	0.0	1.0	1.0	0.0	0.0	0.0
motus1.1	31	4.075606273662339	1454.3093558357737	0.0	1.0	1.0	1.0	1.0	0.0	0.0	1.0	1.0	0.0	0.0	0.0
motus1.1	32	3.209235153652008	637.5668998509731	0.0	1.0	1.0	1.0	1.0	0.0	0.0	1.0	1.0	0.0	0.0	0.0
motus1.1	28	3.9093527208858316	2271.7210253534167	0.0	1.0	1.0	1.0	1.0	0.0	0.0	1.0	1.0	0.0	0.0	0.0
motus1.1	22	4.462549119142275	2571.765139106821	0.0	1.0	1.0	1.0	1.0	0.0	0.0	1.0	1.0	0.0	0.0	0.0
motus1.1	1	6.8279033260412145	1289.6790164382787	0.0	1.0	1.0	1.0	1.0	0.0	0.0	1.0	1.0	0.0	0.0	0.0
motus1.1	20	5.4790769369164645	1565.2814702717976	0.0	1.0	1.0	1.0	1.0	0.0	0.0	1.0	1.0	0.0	0.0	0.0
motus1.1	2	3.4550138358231797	1730.9870944179245	0.0	1.0	1.0	1.0	1.0	0.0	0.0	1.0	1.0	0.0	0.0	0.0
motus1.1	19	4.784202482620819	1539.4700188321945	0.0	1.0	1.0	1.0	1.0	0.0	0.0	1.0	1.0	0.0	0.0	0.0
motus1.1	18	4.156086829451371	1389.1841582187767	0.0	1.0	1.0	1.0	1.0	0.0	0.0	1.0	1.0	0.0	0.0	0.0
motus1.1	17	5.932782855755698	1921.3678296679275	0.0	1.0	1.0	1.0	1.0	0.0	0.0	1.0	1.0	0.0	0.0	0.0
motus1.1	16	3.671138042274842	1245.6812605715104	0.0	1.0	1.0	1.0	1.0	0.0	0.0	1.0	1.0	0.0	0.0	0.0
motus1.1	15	4.404028433516355	1736.7532681749021	0.0	1.0	1.0	1.0	1.0	0.0	0.0	1.0	1.0	0.0	0.0	0.0
motus1.1	14	5.839745431760744	2159.8869511492658	0.0	1.0	1.0	1.0	1.0	0.0	0.0	1.0	1.0	0.0	0.0	0.0
motus1.1	13	3.3041658169001558	1398.3432212513594	0.0	1.0	1.0	1.0	1.0	0.0	0.0	1.0	1.0	0.0	0.0	0.0
motus1.1	12	4.440993705929585	1649.6789207754023	0.0	1.0	1.0	1.0	1.0	0.0	0.0	1.0	1.0	0.0	0.0	0.0
motus1.1	11	4.706227498659416	1680.3995182825327	0.0	1.0	1.0	1.0	1.0	0.0	0.0	1.0	1.0	0.0	0.0	0.0
motus1.1	10	3.6728056006753627	1532.6432211529252	0.0	1.0	1.0	1.0	1.0	0.0	0.0	1.0	1.0	0.0	0.0	0.0
motus1.1	34	4.121515159006007	2447.1128876049543	0.0	1.0	1.0	1.0	1.0	0.0	0.0	1.0	1.0	0.0	0.0	0.0
motus1.1	21	4.119328023746748	1370.7519692375338	0.0	1.0	1.0	1.0	1.0	0.0	0.0	1.0	1.0	0.0	0.0	0.0
motus1.1	35	3.3292871256967946	1593.3317386483975	0.0	1.0	1.0	1.0	1.0	0.0	0.0	1.0	1.0	0.0	0.0	0.0
motus1.1	5	7.744445357027118	2342.061535742522	0.0	1.0	1.0	1.0	1.0	0.0	0.0	1.0	1.0	0.0	0.0	0.0
motus1.1	37	3.731464353062019	2327.7812485090985	0.0	1.0	1.0	1.0	1.0	0.0	0.0	1.0	1.0	0.0	0.0	0.0
motus1.1	0	3.6135812737402255	1803.2005910059563	0.0	1.0	1.0	1.0	1.0	0.0	0.0	1.0	1.0	0.0	0.0	0.0
motus1.1	62	4.52066670949972	1693.8599909183163	0.0	1.0	1.0	1.0	1.0	0.0	0.0	1.0	1.0	0.0	0.0	0.0
motus1.1	61	4.584487040279509	2761.8050507093844	0.0	1.0	1.0	1.0	1.0	0.0	0.0	1.0	1.0	0.0	0.0	0.0
motus1.1	60	3.7062870469902744	2708.5256484384863	0.0	1.0	1.0	1.0	1.0	0.0	0.0	1.0	1.0	0.0	0.0	0.0
motus1.1	6	6.269529365015989	2447.7177925225133	0.0	1.0	1.0	1.0	1.0	0.0	0.0	1.0	1.0	0.0	0.0	0.0
motus1.1	59	3.521400788501026	2900.5787791396733	0.0	1.0	1.0	1.0	1.0	0.0	0.0	1.0	1.0	0.0	0.0	0.0
motus1.1	58	3.697746577336795	3151.1055193648317	0.0	1.0	1.0	1.0	1.0	0.0	0.0	1.0	1.0	0.0	0.0	0.0
motus1.1	57	3.637117243842465	2004.0219467604404	0.0	1.0	1.0	1.0	1.0	0.0	0.0	1.0	1.0	0.0	0.0	0.0
motus1.1	56	9.832656762616772	1990.606204177553	0.0	1.0	1.0	1.0	1.0	0.0	0.0	1.0	1.0	0.0	0.0	0.0
motus1.1	55	10.049276119080782	2170.5327542031105	0.0	1.0	1.0	1.0	1.0	0.0	0.0	1.0	1.0	0.0	0.0	0.0
motus1.1	54	5.760647091634181	1835.9941256395828	0.0	1.0	1.0	1.0	1.0	0.0	0.0	1.0	1.0	0.0	0.0	0.0
motus1.1	53	6.816110905246946	1762.4099340262992	0.0	1.0	1.0	1.0	1.0	0.0	0.0	1.0	1.0	0.0	0.0	0.0
motus1.1	52	6.589341743828975	1398.561058906256	0.0	1.0	1.0	1.0	1.0	0.0	0.0	1.0	1.0	0.0	0.0	0.0
motus1.1	36	5.205885395809468	2578.3074837689887	0.0	1.0	1.0	1.0	1.0	0.0	0.0	1.0	1.0	0.0	0.0	0.0
motus1.1	51	6.805906749710656	3495.5760345404547	0.0	1.0	1.0	1.0	1.0	0.0	0.0	1.0	1.0	0.0	0.0	0.0
motus1.1	49	7.843093029595476	905.6866412668635	0.0	1.0	1.0	1.0	1.0	0.0	0.0	1.0	1.0	0.0	0.0	0.0
motus1.1	48	5.19062340822001	2597.20674554418	0.0	1.0	1.0	1.0	1.0	0.0	0.0	1.0	1.0	0.0	0.0	0.0
motus1.1	47	4.892881301068932	1689.4846683708183	0.0	1.0	1.0	1.0	1.0	0.0	0.0	1.0	1.0	0.0	0.0	0.0
motus1.1	46	5.383996777259605	1912.0762110401008	0.0	1.0	1.0	1.0	1.0	0.0	0.0	1.0	1.0	0.0	0.0	0.0
motus1.1	45	9.821592502979012	2316.409818856348	0.0	1.0	1.0	1.0	1.0	0.0	0.0	1.0	1.0	0.0	0.0	0.0
motus1.1	44	5.159164246263568	2267.9592527580344	0.0	1.0	1.0	1.0	1.0	0.0	0.0	1.0	1.0	0.0	0.0	0.0
motus1.1	43	5.287015354033106	2369.09433758526	0.0	1.0	1.0	1.0	1.0	0.0	0.0	1.0	1.0	0.0	0.0	0.0
motus1.1	42	4.656540093805538	2225.290194168316	0.0	1.0	1.0	1.0	1.0	0.0	0.0	1.0	1.0	0.0	0.0	0.0
motus1.1	41	3.8919508704099512	1578.0677132525234	0.0	1.0	1.0	1.0	1.0	0.0	0.0	1.0	1.0	0.0	0.0	0.0
motus1.1	40	5.220830378769234	2595.8378388470637	0.0	1.0	1.0	1.0	1.0	0.0	0.0	1.0	1.0	0.0	0.0	0.0
motus1.1	4	4.069078415429062	1235.7818463864385	0.0	1.0	1.0	1.0	1.0	0.0	0.0	1.0	1.0	0.0	0.0	0.0
motus1.1	39	6.895500009514301	1567.0359319589702	0.0	1.0	1.0	1.0	1.0	0.0	0.0	1.0	1.0	0.0	0.0	0.0
motus1.1	38	3.432396911358958	1674.504808840643	0.0	1.0	1.0	1.0	1.0	0.0	0.0	1.0	1.0	0.0	0.0	0.0
motus1.1	50	4.65793772548923	3279.695772349563	0.0	1.0	1.0	1.0	1.0	0.0	0.0	1.0	1.0	0.0	0.0	0.0
motus1.1	63	4.25995390817971	1073.940259548721	0.0	1.0	1.0	1.0	1.0	0.0	0.0	1.0	1.0	0.0	0.0	0.0
motus1.1	7	3.4247694271983264	1697.4605308715343	0.0	1.0	1.0	1.0	1.0	0.0	0.0	1.0	1.0	0.0	0.0	0.0
motus1.1	8	5.869542645058904	1227.6657265052577	0.0	1.0	1.0	1.0	1.0	0.0	0.0	1.0	1.0	0.0	0.0	0.0
motus1.1	9	4.163453848345653	1483.5160102394007	0.0	1.0	1.0	1.0	1.0	0.0	0.0	1.0	1.0	0.0	0.0	0.0
metaphyler1.25	39	4.958432936732677	9362.070484838954	0.0005761799999999543	1.0	0.5	0.6666666666666666	1.0	1.0	0.0	2.0	0.5	0.002636626635950821	0.003803848172362	0.00028808999999997714
metaphyler1.25	4	4.6011079389644305	8572.670545512412	0.0004447400000000406	1.0	0.5	0.6666666666666666	1.0	1.0	0.0	2.0	0.5	0.00209273667916413	0.003019180828916528	0.00022237000000002033
metaphyler1.25	40	4.384245363239821	9430.137197528515	0.0006503399999999857	1.0	0.5	0.6666666666666666	1.0	1.0	0.0	2.0	0.5	0.0029366102156455605	0.00423663299513572	0.0003251699999999928
metaphyler1.25	41	4.339066269560092	8754.193630331454	0.0004207999999999928	1.0	0.5	0.6666666666666666	1.0	1.0	0.0	2.0	0.5	0.0019917294805894352	0.0028734582444387294	0.0002103999999999964
metaphyler1.25	42	4.4830989465579405	9719.082321076523	0.0004391599999999792	1.0	0.5	0.6666666666666666	1.0	1.0	0.0	2.0	0.5	0.0020692525610723662	0.00298530040820589	0.00021957999999998957
metaphyler1.25	43	4.988557178322534	8288.791633970794	0.0006075000000000648	1.0	0.5	0.6666666666666666	1.0	1.0	0.0	2.0	0.5	0.0027638679281524847	0.0039874185536176434	0.0003037500000000324
metaphyler1.25	44	4.9383098233237925	8839.566457606305	0.000668640000000048	1.0	0.5	0.6666666666666666	1.0	1.0	0.0	2.0	0.5	0.0030099647885621066	0.0043424612737089485	0.000334320000000024
metaphyler1.25	45	4.32064241939698	5830.1281150571085	0.00019623999999996602	1.0	0.5	0.6666666666666666	1.0	1.0	0.0	2.0	0.5	0.0010036959995762087	0.0014480272411486873	9.811999999998301e-05
metaphyler1.25	46	4.489723260043526	7185.560898751708	0.0006621999999999353	1.0	0.5	0.6666666666666666	1.0	1.0	0.0	2.0	0.5	0.0029841793168947275	0.004305260701607438	0.00033109999999996766
metaphyler1.25	47	5.104495668616187	9219.49033034687	0.0004568000000000219	1.0	0.5	0.6666666666666666	1.0	1.0	0.0	2.0	0.5	0.002143373633847648	0.003092234512324159	0.00022840000000001095
metaphyler1.25	48	4.283990540959389	9740.971355348507	0.00037416000000003725	1.0	0.5	0.6666666666666666	1.0	1.0	0.0	2.0	0.5	0.001792952397478378	0.0025866835323920334	0.00018708000000001863
metaphyler1.25	49	4.333256522776001	6381.856260053863	0.00038999999999993635	1.0	0.5	0.6666666666666666	1.0	1.0	0.0	2.0	0.5	0.001860770631147115	0.0026845245617877693	0.00019499999999996818
metaphyler1.25	50	4.671656204015314	7052.390289209104	0.0004673600000000494	1.0	0.5	0.6666666666666666	1.0	1.0	0.0	2.0	0.5	0.002187581544746908	0.003156013046146582	0.0002336800000000247
metaphyler1.25	51	4.710194784579761	9697.839803980469	0.0006719400000000032	1.0	0.5	0.6666666666666666	1.0	1.0	0.0	2.0	0.5	0.003023165800165062	0.004361506307683251	0.0003359700000000016
metaphyler1.25	52	5.579635527997972	7276.98442235533	9.727999999997759e-05	1.0	0.5	0.6666666666666666	1.0	1.0	0.0	2.0	0.5	0.000531685785595655	0.0007670604461900042	4.8639999999988794e-05
metaphyler1.25	53	3.7436141949402635	6872.606139426111	0.00014216000000002335	1.0	0.5	0.6666666666666666	1.0	1.0	0.0	2.0	0.5	0.000750012633503445	0.0010820395069594917	7.108000000001169e-05
metaphyler1.25	54	3.5373036037973566	6578.252719471741	0.0001456600000000104	1.0	0.5	0.6666666666666666	1.0	1.0	0.0	2.0	0.5	0.000766706622569847	0.0011061238421982446	7.28300000000052e-05
metaphyler1.25	55	4.21063390048148	5211.41415809593	0.0001560399999999809	1.0	0.5	0.6666666666666666	1.0	1.0	0.0	2.0	0.5	0.0008159726648708233	0.0011771997171100888	7.801999999999045e-05
metaphyler1.25	56	4.207219045778017	5337.527541069113	0.00013796000000006732	1.0	0.5	0.6666666666666666	1.0	1.0	0.0	2.0	0.5	0.0007299228695276272	0.0010530561040989496	6.898000000003366e-05
metaphyler1.25	57	4.075189146425036	8191.3334453426605	0.0005748399999999404	1.0	0.5	0.6666666666666666	1.0	1.0	0.0	2.0	0.5	0.002631164049863041	0.0037959673265027306	0.0002874199999999702
metaphyler1.25	58	4.1538563977268375	8878.86596235496	0.0005194199999999841	1.0	0.5	0.6666666666666666	1.0	1.0	0.0	2.0	0.5	0.002403827731264978	0.003467990347047352	0.00025970999999999205
metaphyler1.25	59	4.1252240974763135	8106.094343761319	0.0004193200000000137	1.0	0.5	0.6666666666666666	1.0	1.0	0.0	2.0	0.5	0.001985463123111832	0.002864417801581354	0.00020966000000000685
metaphyler1.25	6	4.3171893223571765	8584.009936112425	0.00028638000000000415	1.0	0.5	0.6666666666666666	1.0	1.0	0.0	2.0	0.5	0.00141060285584264	0.002035069744787986	0.00014319000000000208
metaphyler1.25	60	4.230245693631761	8816.917703666588	0.0004857599999999854	1.0	0.5	0.6666666666666666	1.0	1.0	0.0	2.0	0.5	0.002264326913589814	0.0032667332091874373	0.0002428799999999927
metaphyler1.25	61	4.633561353369862	9115.472855684571	0.0006811200000000676	1.0	0.5	0.6666666666666666	1.0	1.0	0.0	2.0	0.5	0.0030598460980225334	0.0044144247915005545	0.0003405600000000338
metaphyler1.25	62	4.88026106119941	8383.213452118458	0.0008508599999999489	1.0	0.5	0.6666666666666666	1.0	1.0	0.0	2.0	0.5	0.003727701635904764	0.00537793666403348	0.00042542999999997444
metaphyler1.25	63	4.579228315753622	8024.20079316443	0.0006297599999999597	1.0	0.5	0.6666666666666666	1.0	1.0	0.0	2.0	0.5	0.0028538082892068557	0.004117175066486548	0.00031487999999997985
metaphyler1.25	8	5.067014570622003	7443.851044024065	0.00014724000000000535	1.0	0.5	0.6666666666666666	1.0	1.0	0.0	2.0	0.5	0.0007742289277468781	0.0011169762345732007	7.362000000000267e-05
metaphyler1.25	9	4.734816654261932	7165.752224634745	7.997999999993201e-05	1.0	0.5	0.6666666666666666	1.0	1.0	0.0	2.0	0.5	0.0004449631769820407	0.0006419461688101883	3.9989999999966005e-05
metaphyler1.25	38	4.727378423787715	8442.793516039645	0.0005378999999999612	1.0	0.5	0.6666666666666666	1.0	1.0	0.0	2.0	0.5	0.0024799477640793212	0.00357780834090091	0.0002689499999999806
metaphyler1.25	37	4.857382234001244	9139.588837119503	0.0007054400000000619	1.0	0.5	0.6666666666666666	1.0	1.0	0.0	2.0	0.5	0.0031567239468719773	0.004554189983607637	0.00035272000000003095
metaphyler1.25	7	3.998774006688395	6977.649422378084	0.00011038000000006712	1.0	0.5	0.6666666666666666	1.0	1.0	0.0	2.0	0.5	0.0005963114584005304	0.0008602955838597106	5.519000000003356e-05
metaphyler1.25	35	4.463911068971394	7496.152059786892	0.00012567999999993742	1.0	0.5	0.6666666666666666	1.0	1.0	0.0	2.0	0.5	0.0006708099194349478	0.0009677741441479244	6.283999999996871e-05
metaphyler1.25	0	2.5458987297523743	4517.412787797566	5.188000000001984e-05	1.0	0.5	0.6666666666666666	1.0	1.0	0.0	2.0	0.5	0.0002998589139485238	0.00043260496811988575	2.594000000000992e-05
metaphyler1.25	36	4.76307607622627	9504.464728582214	0.0007962599999999521	1.0	0.5	0.6666666666666666	1.0	1.0	0.0	2.0	0.5	0.0035149037960812662	0.005070934275808236	0.000398129999999976
metaphyler1.25	10	3.780382232402474	6201.93634809896	9.88399999999978e-05	1.0	0.5	0.6666666666666666	1.0	1.0	0.0	2.0	0.5	0.0005394257565745458	0.0007782268639378744	4.94199999999989e-05
metaphyler1.25	11	4.178240914053614	7421.944042522643	0.0006415400000000102	1.0	0.5	0.6666666666666666	1.0	1.0	0.0	2.0	0.5	0.0029012446179951298	0.004185611222787369	0.0003207700000000051
metaphyler1.25	12	3.3738097978769765	7640.115781128505	0.00018473999999998831	1.0	0.5	0.6666666666666666	1.0	1.0	0.0	2.0	0.5	0.0009504560901109637	0.0013712182877858013	9.236999999999414e-05
metaphyler1.25	13	4.16133384782929	5793.603572959964	6.078000000001124e-05	1.0	0.5	0.6666666666666666	1.0	1.0	0.0	2.0	0.5	0.0003464879915612899	0.00049987650715305	3.039000000000562e-05
metaphyler1.25	14	4.738540552157574	8252.857971861913	0.0007070999999999558	1.0	0.5	0.6666666666666666	1.0	1.0	0.0	2.0	0.5	0.003163321041823492	0.0045637075797784615	0.0003535499999999779
metaphyler1.25	15	4.0755127969716956	8443.166106255545	0.0003958399999999537	1.0	0.5	0.6666666666666666	1.0	1.0	0.0	2.0	0.5	0.0018856924352979036	0.002720479125046118	0.00019791999999997685
metaphyler1.25	16	2.3986392848236857	4663.434783404163	3.357999999995767e-05	1.0	0.5	0.6666666666666666	1.0	1.0	0.0	2.0	0.5	0.0002013913268357782	0.00029054626850402563	1.6789999999978835e-05
metaphyler1.25	17	4.208962676676776	8599.220410751828	0.000566039999999965	1.0	0.5	0.6666666666666666	1.0	1.0	0.0	2.0	0.5	0.002595251362498207	0.003744156270536489	0.0002830199999999825
metaphyler1.25	18	3.04759298121667	6945.548304306176	7.14800000000041e-05	1.0	0.5	0.6666666666666666	1.0	1.0	0.0	2.0	0.5	0.0004016898006423891	0.0005795158833624511	3.574000000000205e-05
metaphyler1.25	19	4.482396685893535	9045.217785299945	0.0006353999999999452	1.0	0.5	0.6666666666666666	1.0	1.0	0.0	2.0	0.5	0.0028765333664117422	0.004149960422673856	0.0003176999999999726
metaphyler1.25	2	3.7345563867812053	7107.742838420974	5.313999999999243e-05	1.0	0.5	0.6666666666666666	1.0	1.0	0.0	2.0	0.5	0.00030650393461234787	0.0004421917064781894	2.6569999999996213e-05
metaphyler1.25	20	4.086502897723865	8482.722351205792	0.0003293800000000073	1.0	0.5	0.6666666666666666	1.0	1.0	0.0	2.0	0.5	0.0015993644201571621	0.0023073951175349903	0.00016469000000000366
metaphyler1.25	21	4.79503229648407	8003.5577060399255	0.0005639600000000328	1.0	0.5	0.6666666666666666	1.0	1.0	0.0	2.0	0.5	0.0025867529504648556	0.0037318956536405417	0.0002819800000000164
metaphyler1.25	1	4.100279857051975	6620.984330233427	0.000386259999999968	1.0	0.5	0.6666666666666666	1.0	1.0	0.0	2.0	0.5	0.0018447875033047042	0.002661465782511629	0.000193129999999984
metaphyler1.25	23	4.339357879699666	7348.2455275287575	0.00033384000000006144	1.0	0.5	0.6666666666666666	1.0	1.0	0.0	2.0	0.5	0.0016187755440837314	0.002335399449761933	0.00016692000000003072
metaphyler1.25	22	3.9430873183843125	8353.17086516738	0.00047251999999993043	1.0	0.5	0.6666666666666666	1.0	1.0	0.0	2.0	0.5	0.0022091395674093753	0.0031871146985330955	0.0002362599999999652
metaphyler1.25	34	4.562498135190686	9044.303177257323	0.0005700600000000061	1.0	0.5	0.6666666666666666	1.0	1.0	0.0	2.0	0.5	0.002611665356795305	0.003767836658710092	0.00028503000000000306
metaphyler1.25	33	4.850114406617746	9281.876845728979	0.0008233400000000152	1.0	0.5	0.6666666666666666	1.0	1.0	0.0	2.0	0.5	0.0036206716692503017	0.005223525061914576	0.0004116700000000076
metaphyler1.25	32	3.776247336099449	8019.041913770521	8.233999999993708e-05	1.0	0.5	0.6666666666666666	1.0	1.0	0.0	2.0	0.5	0.00045689560823609514	0.000659161028206161	4.116999999996854e-05
metaphyler1.25	31	3.644472670180288	7384.086032734166	0.0002636599999999795	1.0	0.5	0.6666666666666666	1.0	1.0	0.0	2.0	0.5	0.001309590179928767	0.0018893392581801176	0.00013182999999998974
metaphyler1.25	30	4.231615741627408	7904.280437730019	0.0004156599999999444	1.0	0.5	0.6666666666666666	1.0	1.0	0.0	2.0	0.5	0.001969955352516461	0.0028420448178481683	0.0002078299999999722
metaphyler1.25	3	4.722513431269449	7405.029473107912	0.0008770799999999607	1.0	0.5	0.6666666666666666	1.0	1.0	0.0	2.0	0.5	0.0038292612136677983	0.005524456163226986	0.00043853999999998033
metaphyler1.25	5	4.542119015892385	8666.182299670789	0.0002312200000000038	1.0	0.5	0.6666666666666666	1.0	1.0	0.0	2.0	0.5	0.0011636412741794736	0.0016787794956324412	0.0001156100000000019
metaphyler1.25	28	4.119464458671768	7394.728229575443	0.0004449800000000219	1.0	0.5	0.6666666666666666	1.0	1.0	0.0	2.0	0.5	0.002093745960244576	0.0030206369137261505	0.00022249000000001094
metaphyler1.25	27	4.408160160286982	7901.458112866193	0.00065558000000005	1.0	0.5	0.6666666666666666	1.0	1.0	0.0	2.0	0.5	0.002957640478849978	0.004266973251569322	0.000327790000000025
metaphyler1.25	26	4.34907175180705	8131.73482060491	0.0006277800000000434	1.0	0.5	0.6666666666666666	1.0	1.0	0.0	2.0	0.5	0.002845824356801641	0.004105656686798752	0.0003138900000000217
metaphyler1.25	25	4.588447432244672	8887.073592886729	0.001012939999999979	1.0	0.5	0.6666666666666666	1.0	1.0	0.0	2.0	0.5	0.0043494591095964595	0.006274943087964138	0.0005064699999999895
metaphyler1.25	24	4.5932593421068475	8681.752080572658	0.0007729399999999744	1.0	0.5	0.6666666666666666	1.0	1.0	0.0	2.0	0.5	0.0034234529219828013	0.004938998553261419	0.0003864699999999872
metaphyler1.25	29	4.52775795480164	7236.8764673631695	0.0003426999999999612	1.0	0.5	0.6666666666666666	1.0	1.0	0.0	2.0	0.5	0.0016572486445076372	0.002390904400951125	0.0001713499999999806
tipp2.0.0	23	4.440818139493091	5367.762610496993	0.0031269563881096206	1.0	0.5	0.6666666666666666	1.0	1.0	0.0	2.0	0.5	0.011663641419667787	0.016827077634861826	0.0015634781940548103
tipp2.0.0	24	4.99198283899969	5695.643369242194	0.006372699975568881	1.0	0.5	0.6666666666666666	1.0	1.0	0.0	2.0	0.5	0.021499209412288594	0.03101680280214208	0.003186349987784441
tipp2.0.0	25	4.8948975521202485	5540.523754982241	0.006182382839174572	1.0	0.5	0.6666666666666666	1.0	1.0	0.0	2.0	0.5	0.020951018158511116	0.03022592999885861	0.003091191419587286
tipp2.0.0	26	4.708919815869557	5766.307876358713	0.004733963520103116	1.0	0.5	0.6666666666666666	1.0	1.0	0.0	2.0	0.5	0.0166752805266209	0.024057344521188274	0.0023669817600515584
tipp2.0.0	27	4.939041034206906	5579.384477326297	0.006136231716849611	1.0	0.5	0.6666666666666666	1.0	1.0	0.0	2.0	0.5	0.02081764473609681	0.030033512823755104	0.0030681158584248054
tipp2.0.0	3	5.631777830109207	4540.2563475691695	0.0058193849122756165	1.0	0.5	0.6666666666666666	1.0	1.0	0.0	2.0	0.5	0.019897209178724003	0.028705605009675485	0.0029096924561378083
tipp2.0.0	29	4.895646787901505	4679.962472102835	0.0037313486650238687	1.0	0.5	0.6666666666666666	1.0	1.0	0.0	2.0	0.5	0.013588077994470362	0.019603452737834846	0.0018656743325119343
tipp2.0.0	30	4.840419093998698	5446.6920919006325	0.004913505014156896	1.0	0.5	0.6666666666666666	1.0	1.0	0.0	2.0	0.5	0.017216149011366907	0.024837652801904468	0.002456752507078448
tipp2.0.0	31	4.518501843067838	6248.493452474702	0.006523294592639211	1.0	0.5	0.6666666666666666	1.0	1.0	0.0	2.0	0.5	0.021930958637332094	0.03163968526801999	0.0032616472963196055
tipp2.0.0	32	3.850253646469967	5142.01630176414	0.0033044182812352013	1.0	0.5	0.6666666666666666	1.0	1.0	0.0	2.0	0.5	0.012234303776936788	0.01765036938771582	0.0016522091406176006
tipp2.0.0	33	5.026259404464314	5610.197173943568	0.0068006201385751135	1.0	0.5	0.6666666666666666	1.0	1.0	0.0	2.0	0.5	0.022721506276561977	0.03278020442672342	0.0034003100692875567
tipp2.0.0	28	4.262166733763639	6135.686408741553	0.007728289957090875	1.0	0.5	0.6666666666666666	1.0	1.0	0.0	2.0	0.5	0.02532591639172762	0.03653757398431395	0.0038641449785454377
tipp2.0.0	22	4.288909372784122	6412.533342155792	0.008205979941275905	1.0	0.5	0.6666666666666666	1.0	1.0	0.0	2.0	0.5	0.026644755338474508	0.03844025639251691	0.004102989970637952
tipp2.0.0	2	3.815718733646128	4550.696450780096	0.0024790840900428416	1.0	0.5	0.6666666666666666	1.0	1.0	0.0	2.0	0.5	0.009535044871187	0.01375616195031523	0.0012395420450214206
tipp2.0.0	20	4.745207303518078	6122.5113434705845	0.004912490422431705	1.0	0.5	0.6666666666666666	1.0	1.0	0.0	2.0	0.5	0.017213101909014674	0.02483325676245182	0.0024562452112158527
tipp2.0.0	19	5.152707706071266	5458.975743179391	0.005558412054137191	1.0	0.5	0.6666666666666666	1.0	1.0	0.0	2.0	0.5	0.01913260763501002	0.027602518154303275	0.002779206027068595
tipp2.0.0	18	3.456631648296613	5455.4859198865925	0.0042787252925279694	1.0	0.5	0.6666666666666666	1.0	1.0	0.0	2.0	0.5	0.015288263876826302	0.022056302478899184	0.0021393626462639847
tipp2.0.0	17	5.158242501558721	5019.7186706611255	0.005782742517224604	1.0	0.5	0.6666666666666666	1.0	1.0	0.0	2.0	0.5	0.019790214153280698	0.02855124381706864	0.002891371258612302
tipp2.0.0	16	2.9995578011212762	4875.625972638118	0.005281870055410016	1.0	0.5	0.6666666666666666	1.0	1.0	0.0	2.0	0.5	0.01831567832418	0.02642393828881197	0.002640935027705008
tipp2.0.0	34	4.910869407397943	5857.685621356123	0.006778264256826778	1.0	0.5	0.6666666666666666	1.0	1.0	0.0	2.0	0.5	0.022657991722835683	0.03268857229503822	0.003389132128413389
tipp2.0.0	14	5.184227964165158	4733.47211133271	0.004954588439880787	1.0	0.5	0.6666666666666666	1.0	1.0	0.0	2.0	0.5	0.017339446037130047	0.025015532809529308	0.0024772942199403937
tipp2.0.0	13	4.052980418574016	3680.339001251426	0.003346572518662141	1.0	0.5	0.6666666666666666	1.0	1.0	0.0	2.0	0.5	0.012369147307372244	0.017844907480371014	0.0016732862593310707
tipp2.0.0	12	3.793101940433043	4786.725420660306	0.005335518385931353	1.0	0.5	0.6666666666666666	1.0	1.0	0.0	2.0	0.5	0.018474716196541403	0.026653381438581297	0.002667759192965676
tipp2.0.0	11	4.627330662597061	5048.939711069291	0.006140613204389658	1.0	0.5	0.6666666666666666	1.0	1.0	0.0	2.0	0.5	0.020830314378596938	0.03005179125415987	0.003070306602194829
tipp2.0.0	10	3.8592532989958883	4062.804630818187	0.003944777108427695	1.0	0.5	0.6666666666666666	1.0	1.0	0.0	2.0	0.5	0.01425548396261185	0.020566316018332267	0.001972388554213848
tipp2.0.0	1	5.139264314472912	4660.994026192742	0.007852057688140526	1.0	0.5	0.6666666666666666	1.0	1.0	0.0	2.0	0.5	0.025669009646012732	0.03703255292083354	0.003926028844070263
tipp2.0.0	0	3.0484845089114097	5057.479501806954	0.005084402309377012	1.0	0.5	0.6666666666666666	1.0	1.0	0.0	2.0	0.5	0.017727919754772805	0.025575981915488214	0.002542201154688506
tipp2.0.0	21	5.113364798324479	4678.911186623941	0.002925818115652189	1.0	0.5	0.6666666666666666	1.0	1.0	0.0	2.0	0.5	0.011010726207375126	0.015885120095966238	0.0014629090578260945
tipp2.0.0	15	4.497767083391096	5177.77090337068	0.007210548385441201	1.0	0.5	0.6666666666666666	1.0	1.0	0.0	2.0	0.5	0.023879723414376337	0.03445115854772081	0.0036052741927206002
tipp2.0.0	63	4.656605792346486	5965.193387223943	0.003531368588845345	1.0	0.5	0.6666666666666666	1.0	1.0	0.0	2.0	0.5	0.012957180383514956	0.018693259883200784	0.0017656842944226727
tipp2.0.0	36	4.860351375787865	5924.4761983526	0.006344654432534663	1.0	0.5	0.6666666666666666	1.0	1.0	0.0	2.0	0.5	0.021418607944951644	0.03090051946492669	0.0031723272162673317
tipp2.0.0	61	4.99882198843747	5988.048083198352	0.007005244548024259	1.0	0.5	0.6666666666666666	1.0	1.0	0.0	2.0	0.5	0.02330115968811869	0.03361646752901066	0.0035026222740121298
tipp2.0.0	62	5.0060630414728085	5782.219139830078	0.0037247880609715634	1.0	0.5	0.6666666666666666	1.0	1.0	0.0	2.0	0.5	0.013567467376011945	0.01957371790079523	0.0018623940304857817
tipp2.0.0	60	4.697830135556127	6575.237676111735	0.007405873850902722	1.0	0.5	0.6666666666666666	1.0	1.0	0.0	2.0	0.5	0.0244274426716327	0.03524135040396395	0.003702936925451361
tipp2.0.0	6	4.199909828814998	5393.696378788243	0.0067374405268765016	1.0	0.5	0.6666666666666666	1.0	1.0	0.0	2.0	0.5	0.02254191323952522	0.0325211064428123	0.0033687202634382508
tipp2.0.0	59	4.59651130026331	6490.7068665348415	0.006987260822747573	1.0	0.5	0.6666666666666666	1.0	1.0	0.0	2.0	0.5	0.023250337466474272	0.0335431465618773	0.003493630411373787
tipp2.0.0	58	4.8395777535463536	6932.895749135282	0.0069793720866778665	1.0	0.5	0.6666666666666666	1.0	1.0	0.0	2.0	0.5	0.023228036479759323	0.033510973038936714	0.0034896860433389332
tipp2.0.0	57	4.811262791449648	5796.975468243245	0.006386487748047731	1.0	0.5	0.6666666666666666	1.0	1.0	0.0	2.0	0.5	0.021538812054079003	0.031073937337059206	0.0031932438740238656
tipp2.0.0	56	4.016831388275194	4391.064573942107	0.00651996946173079	1.0	0.5	0.6666666666666666	1.0	1.0	0.0	2.0	0.5	0.021921444587116666	0.031625959394955425	0.003259984730865395
tipp2.0.0	55	4.016457861842846	4196.074728392521	0.007130481997119406	1.0	0.5	0.6666666666666666	1.0	1.0	0.0	2.0	0.5	0.02365444308164789	0.034126147728883664	0.003565240998559703
tipp2.0.0	54	4.1969995117587935	4699.287613238674	0.005503471715219279	1.0	0.5	0.6666666666666666	1.0	1.0	0.0	2.0	0.5	0.018970869344156805	0.027369179124167486	0.0027517358576096395
tipp2.0.0	53	4.447120942840579	4959.302058920961	0.007105158174686675	1.0	0.5	0.6666666666666666	1.0	1.0	0.0	2.0	0.5	0.023583096551927127	0.03402321644427088	0.0035525790873433376
tipp2.0.0	52	6.309331587986498	6843.769487215108	0.006840088022928479	1.0	0.5	0.6666666666666666	1.0	1.0	0.0	2.0	0.5	0.022833547242154008	0.03294184537215945	0.0034200440114642394
tipp2.0.0	51	4.76782483624298	5661.118637780593	0.0059481116715285245	1.0	0.5	0.6666666666666666	1.0	1.0	0.0	2.0	0.5	0.020272176208215375	0.029246568083619553	0.0029740558357642622
tipp2.0.0	50	5.696544955831861	5764.379150759809	0.00870016035822222	1.0	0.5	0.6666666666666666	1.0	1.0	0.0	2.0	0.5	0.027994431168659073	0.04038742701953187	0.00435008017911111
tipp2.0.0	5	4.0995194887567035	4925.896653991604	0.006760213287790016	1.0	0.5	0.6666666666666666	1.0	1.0	0.0	2.0	0.5	0.022606680726387347	0.032614546174919136	0.003380106643895008
tipp2.0.0	49	4.872359721467263	4913.632452493847	0.00937011270553864	1.0	0.5	0.6666666666666666	1.0	1.0	0.0	2.0	0.5	0.029801789352444895	0.04299489370838976	0.00468505635276932
tipp2.0.0	48	4.454085102871256	5588.9355301747855	0.005548712581663347	1.0	0.5	0.6666666666666666	1.0	1.0	0.0	2.0	0.5	0.019104073327451458	0.027561351850293337	0.002774356290831674
tipp2.0.0	47	6.039545421387991	5617.08550415598	0.006598610062979404	1.0	0.5	0.6666666666666666	1.0	1.0	0.0	2.0	0.5	0.022146228565165328	0.03195025412535752	0.003299305031489702
tipp2.0.0	46	5.28859585701759	4579.627970659874	0.008096315915134931	1.0	0.5	0.6666666666666666	1.0	1.0	0.0	2.0	0.5	0.02634325233944345	0.038005279511001654	0.004048157957567466
tipp2.0.0	45	4.069728130580477	4298.927695019627	0.006948708608486482	1.0	0.5	0.6666666666666666	1.0	1.0	0.0	2.0	0.5	0.02314131011569896	0.033385853343592495	0.003474354304243241
tipp2.0.0	44	5.209922552019429	5561.658935320289	0.007034243288260256	1.0	0.5	0.6666666666666666	1.0	1.0	0.0	2.0	0.5	0.023383061705727758	0.033734627163654066	0.003517121644130128
tipp2.0.0	43	5.303329458897511	5508.572348522876	0.008278146172036092	1.0	0.5	0.6666666666666666	1.0	1.0	0.0	2.0	0.5	0.026842762351497972	0.038725920128267095	0.004139073086018046
tipp2.0.0	42	4.589840231154685	5466.624618609398	0.006787333077462853	1.0	0.5	0.6666666666666666	1.0	1.0	0.0	2.0	0.5	0.022683761300720705	0.03272574993725875	0.0033936665387314263
tipp2.0.0	41	4.291958356736919	4676.103034474717	0.004782699975285948	1.0	0.5	0.6666666666666666	1.0	1.0	0.0	2.0	0.5	0.016822431180666522	0.02426963804004346	0.0023913499876429744
tipp2.0.0	40	4.713281385036498	5559.009142477028	0.006787336238852868	1.0	0.5	0.6666666666666666	1.0	1.0	0.0	2.0	0.5	0.02268377028293285	0.03272576289585166	0.0033936681194264334
tipp2.0.0	4	4.962532896608709	4750.682934445516	0.005451307870033359	1.0	0.5	0.6666666666666666	1.0	1.0	0.0	2.0	0.5	0.018817050289816145	0.027147265137275986	0.0027256539350166793
tipp2.0.0	39	5.0383970917435486	5213.69307103495	0.006178563550877305	1.0	0.5	0.6666666666666666	1.0	1.0	0.0	2.0	0.5	0.020939987265957388	0.03021001578487477	0.0030892817754386527
tipp2.0.0	38	4.400306708233538	4713.424812541432	0.0037720052999304283	1.0	0.5	0.6666666666666666	1.0	1.0	0.0	2.0	0.5	0.013715675322614435	0.01978753677037898	0.0018860026499652141
tipp2.0.0	37	4.909628218265297	5637.792852757974	0.004737869987053537	1.0	0.5	0.6666666666666666	1.0	1.0	0.0	2.0	0.5	0.016687084612647073	0.024074374217560462	0.0023689349935267683
tipp2.0.0	35	4.306220776241643	4788.197638900018	0.0031783086561256255	1.0	0.5	0.6666666666666666	1.0	1.0	0.0	2.0	0.5	0.011829280679745379	0.017066044573952284	0.0015891543280628128
tipp2.0.0	7	3.978112947364688	5225.625068065579	0.0033122826242521063	1.0	0.5	0.6666666666666666	1.0	1.0	0.0	2.0	0.5	0.012259480674595362	0.017686691973112813	0.0016561413121260532
tipp2.0.0	9	4.152084212451635	6801.93919817449	0.005740653650192669	1.0	0.5	0.6666666666666666	1.0	1.0	0.0	2.0	0.5	0.019667171823742544	0.028373731258424517	0.002870326825096334
tipp2.0.0	8	5.661955284458352	6509.000423964158	0.003918733697787154	1.0	0.5	0.6666666666666666	1.0	1.0	0.0	2.0	0.5	0.01417436068545248	0.020449279868673783	0.001959366848893577
camiarkquikr1.0.0	39	8.059494562226794	8237.866279339267	0.09671428096963211	1.0	0.3333333333333333	0.5	1.0	2.0	0.0	3.0	0.3333333333333333	0.2261920254162581	0.2058888542840527	0.048357140484816055
camiarkquikr1.0.0	4	7.635127301573217	7798.910404164706	0.09082824011777774	1.0	0.3333333333333333	0.5	1.0	2.0	0.0	3.0	0.3333333333333333	0.21554928094232115	0.1962014107849093	0.045414120058888875
camiarkquikr1.0.0	40	7.051029750622285	7432.454747256692	0.09845694201481195	1.0	0.3333333333333333	0.5	1.0	2.0	0.0	3.0	0.3333333333333333	0.2263090727549594	0.2059953953631109	0.049228471007405974
camiarkquikr1.0.0	41	7.513201027894745	7256.967479840107	0.08474468214682515	1.0	0.3333333333333333	0.5	1.0	2.0	0.0	3.0	0.3333333333333333	0.203644718821138	0.1853654113663924	0.042372341073412575
camiarkquikr1.0.0	42	6.758029309680036	7265.7975072547715	0.09222645506672274	1.0	0.3333333333333333	0.5	1.0	2.0	0.0	3.0	0.3333333333333333	0.21704245411154977	0.19756055557568789	0.04611322753336137
camiarkquikr1.0.0	43	6.8984381823895795	6847.549795324697	0.09857897605895857	1.0	0.3333333333333333	0.5	1.0	2.0	0.0	3.0	0.3333333333333333	0.22765212239221938	0.2072178918262519	0.049289488029479286
camiarkquikr1.0.0	44	6.885820681014481	6949.45151983681	0.0941765522580227	1.0	0.3333333333333333	0.5	1.0	2.0	0.0	3.0	0.3333333333333333	0.22211651419964168	0.20217916410613077	0.04708827612901135
camiarkquikr1.0.0	45	8.058777732372748	7149.87896728972	0.13190142525496143	1.0	0.3333333333333333	0.5	1.0	2.0	0.0	3.0	0.3333333333333333	0.28605558786038265	0.26037901706632	0.06595071262748073
camiarkquikr1.0.0	46	6.28096472571898	6532.386603250216	0.08260101394446627	1.0	0.3333333333333333	0.5	1.0	2.0	0.0	3.0	0.3333333333333333	0.19850163637555623	0.180683975978648	0.041300506972233135
camiarkquikr1.0.0	47	7.741976477282089	8038.496514399141	0.0765907976743441	1.0	0.3333333333333333	0.5	1.0	2.0	0.0	3.0	0.3333333333333333	0.18697333029305224	0.1701904595657921	0.03829539883717204
camiarkquikr1.0.0	48	6.6047442171740585	7101.615305481395	0.09379814178385766	1.0	0.3333333333333333	0.5	1.0	2.0	0.0	3.0	0.3333333333333333	0.21821048260742262	0.1986237409304493	0.04689907089192884
camiarkquikr1.0.0	49	7.302905973948151	7179.243084478195	0.0799724267858239	1.0	0.3333333333333333	0.5	1.0	2.0	0.0	3.0	0.3333333333333333	0.19190020989844037	0.17467509864748412	0.03998621339291195
camiarkquikr1.0.0	5	7.599352142737222	7391.9952071180605	0.1071472462930199	1.0	0.3333333333333333	0.5	1.0	2.0	0.0	3.0	0.3333333333333333	0.24223109007343863	0.22048824009342255	0.05357362314650995
camiarkquikr1.0.0	50	6.56080169640855	5840.165560662317	0.0726829243898414	1.0	0.3333333333333333	0.5	1.0	2.0	0.0	3.0	0.3333333333333333	0.1782587232868594	0.1622580824241183	0.0363414621949207
camiarkquikr1.0.0	51	7.41289043561168	7552.657173154519	0.085658040228266	1.0	0.3333333333333333	0.5	1.0	2.0	0.0	3.0	0.3333333333333333	0.20567736173219575	0.18721560267776213	0.042829020114133
camiarkquikr1.0.0	52	8.387777659215734	7183.118633602281	0.07799294537996478	1.0	0.3333333333333333	0.5	1.0	2.0	0.0	3.0	0.3333333333333333	0.19014414839098867	0.17307666257903212	0.03899647268998239
camiarkquikr1.0.0	53	7.164511710283871	6980.19956113044	0.10043738386466508	1.0	0.3333333333333333	0.5	1.0	2.0	0.0	3.0	0.3333333333333333	0.2322906311165486	0.21144004442018716	0.05021869193233255
camiarkquikr1.0.0	54	6.551858431386669	7176.168462752181	0.09601956203576996	1.0	0.3333333333333333	0.5	1.0	2.0	0.0	3.0	0.3333333333333333	0.22398737013692904	0.20388209056761744	0.04800978101788498
camiarkquikr1.0.0	55	7.700817713969809	7143.178289798845	0.13289136753628833	1.0	0.3333333333333333	0.5	1.0	2.0	0.0	3.0	0.3333333333333333	0.2870548461591018	0.2612885811673466	0.06644568376814418
camiarkquikr1.0.0	56	7.615410017210236	7862.3676045021675	0.14000645720066499	1.0	0.3333333333333333	0.5	1.0	2.0	0.0	3.0	0.3333333333333333	0.2967349319606104	0.2700997749809932	0.07000322860033248
camiarkquikr1.0.0	57	6.343172927016676	6309.074627592203	0.09332709827701727	1.0	0.3333333333333333	0.5	1.0	2.0	0.0	3.0	0.3333333333333333	0.21843556157170751	0.19882861663282994	0.046663549138508634
camiarkquikr1.0.0	58	6.3695096863719565	7073.036453846493	0.10290999009770578	1.0	0.3333333333333333	0.5	1.0	2.0	0.0	3.0	0.3333333333333333	0.2334675662083864	0.21251133690797158	0.05145499504885289
camiarkquikr1.0.0	59	6.463093587535787	6957.78404903237	0.10557109318400362	1.0	0.3333333333333333	0.5	1.0	2.0	0.0	3.0	0.3333333333333333	0.23849791987146257	0.2170901621359095	0.05278554659200181
camiarkquikr1.0.0	6	6.5012926244240985	6746.932050416203	0.10748378718751987	1.0	0.3333333333333333	0.5	1.0	2.0	0.0	3.0	0.3333333333333333	0.23999272665152463	0.21845079390334976	0.05374189359375992
camiarkquikr1.0.0	60	6.448265887842259	7002.730240843946	0.10964622069598357	1.0	0.3333333333333333	0.5	1.0	2.0	0.0	3.0	0.3333333333333333	0.24629524939386999	0.22418759733014024	0.05482311034799178
camiarkquikr1.0.0	61	6.775134579247141	7543.460769544054	0.10120189175898021	1.0	0.3333333333333333	0.5	1.0	2.0	0.0	3.0	0.3333333333333333	0.23211365205666357	0.21127895113758824	0.0506009458794901
camiarkquikr1.0.0	62	7.82849760370231	8742.709991638525	0.11414409057682182	1.0	0.3333333333333333	0.5	1.0	2.0	0.0	3.0	0.3333333333333333	0.2549324583825213	0.2320495237601846	0.05707204528841091
camiarkquikr1.0.0	63	7.239653603455442	8840.423728973814	0.1337884798719375	1.0	0.3333333333333333	0.5	1.0	2.0	0.0	3.0	0.3333333333333333	0.2849796398788151	0.25939964700768725	0.06689423993596876
camiarkquikr1.0.0	7	7.611434797357886	7395.472632812226	0.07783526136537745	1.0	0.3333333333333333	0.5	1.0	2.0	0.0	3.0	0.3333333333333333	0.19071928152208484	0.17360017131548858	0.03891763068268873
camiarkquikr1.0.0	38	7.51745009282476	6848.453328362634	0.07444501845743645	1.0	0.3333333333333333	0.5	1.0	2.0	0.0	3.0	0.3333333333333333	0.18315835444438247	0.16671791889969886	0.037222509228718226
camiarkquikr1.0.0	8	9.091297050735179	6310.955760944058	0.06971137066205416	1.0	0.3333333333333333	0.5	1.0	2.0	0.0	3.0	0.3333333333333333	0.17425327548032238	0.15861216671040188	0.03485568533102708
camiarkquikr1.0.0	37	7.3872284945817865	7453.097615804576	0.0832399372275217	1.0	0.3333333333333333	0.5	1.0	2.0	0.0	3.0	0.3333333333333333	0.20172287480709258	0.18361607355735027	0.04161996861376085
camiarkquikr1.0.0	35	7.857739241118886	6982.907107296696	0.08493057332366905	1.0	0.3333333333333333	0.5	1.0	2.0	0.0	3.0	0.3333333333333333	0.20371582476122585	0.18543013478230652	0.042465286661834516
camiarkquikr1.0.0	0	6.590804875112657	5702.228619628861	0.07151978818989022	1.0	0.3333333333333333	0.5	1.0	2.0	0.0	3.0	0.3333333333333333	0.17815363007062826	0.16216242245625234	0.03575989409494511
camiarkquikr1.0.0	1	7.366377311047911	7140.329503548518	0.0814541317151532	1.0	0.3333333333333333	0.5	1.0	2.0	0.0	3.0	0.3333333333333333	0.19710529335995258	0.17941296979201912	0.0407270658575766
camiarkquikr1.0.0	10	7.186727632511747	6287.2533998872905	0.06988035498510041	1.0	0.3333333333333333	0.5	1.0	2.0	0.0	3.0	0.3333333333333333	0.17528429672561685	0.15955064269135455	0.034940177492550205
camiarkquikr1.0.0	11	7.332295145820573	6810.247257832041	0.07995880906203603	1.0	0.3333333333333333	0.5	1.0	2.0	0.0	3.0	0.3333333333333333	0.19558537756886227	0.17802948281779918	0.039979404531018024
camiarkquikr1.0.0	12	7.133416142652265	6591.631195320972	0.08222422632414352	1.0	0.3333333333333333	0.5	1.0	2.0	0.0	3.0	0.3333333333333333	0.19813265489911647	0.18034811456489383	0.04111211316207176
camiarkquikr1.0.0	13	7.332204181394185	6403.326277828644	0.06898359772408917	1.0	0.3333333333333333	0.5	1.0	2.0	0.0	3.0	0.3333333333333333	0.17355436284093978	0.15797598901005053	0.034491798862044586
camiarkquikr1.0.0	14	7.608260212955107	7640.062705412737	0.08097738357709972	1.0	0.3333333333333333	0.5	1.0	2.0	0.0	3.0	0.3333333333333333	0.19755586247951265	0.17982309547894942	0.040488691788549865
camiarkquikr1.0.0	15	7.4397585863572395	7742.375923858067	0.07024986306146569	1.0	0.3333333333333333	0.5	1.0	2.0	0.0	3.0	0.3333333333333333	0.17646957557573262	0.16062952999522107	0.035124931530732845
camiarkquikr1.0.0	16	6.762724869269621	5446.214686352051	0.07865335760745089	1.0	0.3333333333333333	0.5	1.0	2.0	0.0	3.0	0.3333333333333333	0.19144885388035676	0.17426425669465032	0.039326678803725444
camiarkquikr1.0.0	17	7.464903229139475	8321.727773329874	0.09175352749423485	1.0	0.3333333333333333	0.5	1.0	2.0	0.0	3.0	0.3333333333333333	0.21609293800370713	0.1966962687680155	0.045876763747117424
camiarkquikr1.0.0	18	6.80824071629334	6213.331170387114	0.08078015796316165	1.0	0.3333333333333333	0.5	1.0	2.0	0.0	3.0	0.3333333333333333	0.1969005790992578	0.17922663084168483	0.04039007898158083
camiarkquikr1.0.0	19	7.835349230660212	7448.6669173547025	0.08048008022623579	1.0	0.3333333333333333	0.5	1.0	2.0	0.0	3.0	0.3333333333333333	0.19654994805265114	0.1789074727089902	0.04024004011311789
camiarkquikr1.0.0	2	7.553973709730649	7425.493696344435	0.09953243112011961	1.0	0.3333333333333333	0.5	1.0	2.0	0.0	3.0	0.3333333333333333	0.22869905444916921	0.20817085045210074	0.04976621556005981
camiarkquikr1.0.0	20	7.53465101955361	7094.986937618016	0.08908388705323236	1.0	0.3333333333333333	0.5	1.0	2.0	0.0	3.0	0.3333333333333333	0.2128704621394102	0.19376304482947418	0.04454194352661618
camiarkquikr1.0.0	21	7.717507210962972	7570.600238493453	0.13723692907064838	1.0	0.3333333333333333	0.5	1.0	2.0	0.0	3.0	0.3333333333333333	0.2878918810967985	0.2620504832016953	0.06861846453532419
camiarkquikr1.0.0	22	6.724162559411182	6988.888331212363	0.09334585189612683	1.0	0.3333333333333333	0.5	1.0	2.0	0.0	3.0	0.3333333333333333	0.216947939297352	0.19747452448430775	0.04667292594806341
camiarkquikr1.0.0	23	7.829351714161665	7380.629699084095	0.100809577263575	1.0	0.3333333333333333	0.5	1.0	2.0	0.0	3.0	0.3333333333333333	0.2313565023443485	0.21058976376900987	0.0504047886317875
camiarkquikr1.0.0	24	7.155580216422177	7555.434266290075	0.10877352199891362	1.0	0.3333333333333333	0.5	1.0	2.0	0.0	3.0	0.3333333333333333	0.24458769332642527	0.22263331281588739	0.0543867609994568
camiarkquikr1.0.0	25	6.9604272616132885	7012.489501780262	0.08660811863437741	1.0	0.3333333333333333	0.5	1.0	2.0	0.0	3.0	0.3333333333333333	0.20671347147024655	0.18815871040442603	0.043304059317188705
camiarkquikr1.0.0	26	7.433994839757407	7983.6937216702945	0.11744713434299925	1.0	0.3333333333333333	0.5	1.0	2.0	0.0	3.0	0.3333333333333333	0.2576126906075327	0.2344891762678593	0.058723567171499624
camiarkquikr1.0.0	27	7.022942060006907	6853.788558033084	0.07781634895123656	1.0	0.3333333333333333	0.5	1.0	2.0	0.0	3.0	0.3333333333333333	0.18799095924713302	0.17111674535794766	0.03890817447561828
camiarkquikr1.0.0	28	7.165418428072016	6126.616144615779	0.09342008107663714	1.0	0.3333333333333333	0.5	1.0	2.0	0.0	3.0	0.3333333333333333	0.2115609775950271	0.1925711006305151	0.04671004053831858
camiarkquikr1.0.0	29	7.701499279760711	7664.050751737224	0.11358907935972239	1.0	0.3333333333333333	0.5	1.0	2.0	0.0	3.0	0.3333333333333333	0.25358726719446345	0.23082507797350157	0.05679453967986119
camiarkquikr1.0.0	3	6.4971377571221325	6856.3868293486585	0.0935192906385134	1.0	0.3333333333333333	0.5	1.0	2.0	0.0	3.0	0.3333333333333333	0.2207483115580519	0.2009337723917813	0.0467596453192567
camiarkquikr1.0.0	30	7.057746323058718	7118.216044953209	0.07881628523197699	1.0	0.3333333333333333	0.5	1.0	2.0	0.0	3.0	0.3333333333333333	0.19267109506990282	0.17537678856977418	0.039408142615988496
camiarkquikr1.0.0	31	6.592677526913571	7055.713185023444	0.09603287060193873	1.0	0.3333333333333333	0.5	1.0	2.0	0.0	3.0	0.3333333333333333	0.22009078942771507	0.20033526995637346	0.04801643530096937
camiarkquikr1.0.0	32	7.4228981043017646	6770.983243048059	0.07435802562030909	1.0	0.3333333333333333	0.5	1.0	2.0	0.0	3.0	0.3333333333333333	0.18216717359325796	0.16581570720832395	0.037179012810154545
camiarkquikr1.0.0	33	7.1233872765794555	7575.807687606694	0.08250899217246378	1.0	0.3333333333333333	0.5	1.0	2.0	0.0	3.0	0.3333333333333333	0.20029069588936738	0.18231244812688882	0.041254496086231884
camiarkquikr1.0.0	34	6.847957260291945	7516.698433741895	0.08384177800255262	1.0	0.3333333333333333	0.5	1.0	2.0	0.0	3.0	0.3333333333333333	0.20305201508417559	0.1848259091752409	0.04192088900127631
camiarkquikr1.0.0	36	7.394416801958636	7809.226412921304	0.08457878590306538	1.0	0.3333333333333333	0.5	1.0	2.0	0.0	3.0	0.3333333333333333	0.20350193611400846	0.1852354449454791	0.04228939295153269
camiarkquikr1.0.0	9	9.510890250239944	6444.9265860644455	0.07727341033043014	1.0	0.3333333333333333	0.5	1.0	2.0	0.0	3.0	0.3333333333333333	0.18449048125765855	0.16793047297998415	0.03863670516521507
focus0.31	9	6.067782790614108	1625.2287013057385	0.03677700737610908	1.0	0.5	0.6666666666666666	1.0	1.0	0.0	2.0	0.5	0.09169939442015211	0.13229426158247454	0.01838850368805454
focus0.31	1	5.3911825102954465	1487.5286749629809	0.09248673999999997	1.0	0.5	0.6666666666666666	1.0	1.0	0.0	2.0	0.5	0.18730186173731783	0.2702194670776987	0.046243369999999985
focus0.31	40	6.061489436964723	3737.591563231673	0.10374471999999998	1.0	0.5	0.6666666666666666	1.0	1.0	0.0	2.0	0.5	0.20399181904340258	0.2942979857158357	0.051872359999999985
focus0.31	41	6.175303208031964	2254.964498401444	0.10506611999999996	1.0	0.5	0.6666666666666666	1.0	1.0	0.0	2.0	0.5	0.20590719686329073	0.29706129179801705	0.05253305999999998
focus0.31	42	5.385691136323569	3254.6255459715126	0.08570261706015547	1.0	0.5	0.6666666666666666	1.0	1.0	0.0	2.0	0.5	0.17690222881447812	0.25521596823285225	0.042851308530077736
focus0.31	43	6.352205135970756	3217.8569972328346	0.07302123897699292	1.0	0.5	0.6666666666666666	1.0	1.0	0.0	2.0	0.5	0.15669154816903721	0.22605811949268412	0.03651061948849646
focus0.31	44	14.563637999999997	3103.5269778481174	0.0	1.0	1.0	1.0	1.0	0.0	0.0	1.0	1.0	0.0	0.0	0.0
focus0.31	45	14.622180164365973	3051.24640859661	0.0	1.0	1.0	1.0	1.0	0.0	0.0	1.0	1.0	0.0	0.0	0.0
focus0.31	46	5.745002915318843	2465.8113188621287	0.012967162747717063	1.0	0.5	0.6666666666666666	1.0	1.0	0.0	2.0	0.5	0.03912992699212595	0.05645255162188731	0.006483581373858531
focus0.31	47	6.204224460201219	2419.795414217559	0.10826201542022883	1.0	0.5	0.6666666666666666	1.0	1.0	0.0	2.0	0.5	0.2105036112268095	0.3036925160061364	0.054131007710114414
focus0.31	48	5.186603714659227	3313.0180358764364	0.07915610025009105	1.0	0.5	0.6666666666666666	1.0	1.0	0.0	2.0	0.5	0.16660084221315513	0.2403542088688436	0.03957805012504552
focus0.31	49	5.491520234722018	1726.9846509267213	0.09912673898418956	1.0	0.5	0.6666666666666666	1.0	1.0	0.0	2.0	0.5	0.19722759909834087	0.28453927914561294	0.04956336949209477
focus0.31	5	4.109593015678793	3488.2150890310236	0.07557663557921593	1.0	0.5	0.6666666666666666	1.0	1.0	0.0	2.0	0.5	0.16085045350611865	0.23205815159801815	0.037788317789607964
focus0.31	50	14.128591701949217	1469.0872158394484	0.0	1.0	1.0	1.0	1.0	0.0	0.0	1.0	1.0	0.0	0.0	0.0
focus0.31	52	7.106599554777456	1564.4208403014454	0.05098737999999999	1.0	0.5	0.6666666666666666	1.0	1.0	0.0	2.0	0.5	0.11871054505361146	0.17126311465007113	0.025493689999999996
focus0.31	4	5.823368757974182	1546.0361716802722	0.08587787999999995	1.0	0.5	0.6666666666666666	1.0	1.0	0.0	2.0	0.5	0.1771743381098029	0.25560853896379715	0.042938939999999974
focus0.31	53	4.017563945070424	2589.3831070260894	0.0793992	1.0	0.5	0.6666666666666666	1.0	1.0	0.0	2.0	0.5	0.16698828253193848	0.24091316709539276	0.0396996
focus0.31	55	14.671775342115021	2941.398251009261	0.0	1.0	1.0	1.0	1.0	0.0	0.0	1.0	1.0	0.0	0.0	0.0
focus0.31	56	3.1977857655998165	3076.516138210996	0.09785969999999995	1.0	0.5	0.6666666666666666	1.0	1.0	0.0	2.0	0.5	0.19535211465075486	0.28183352703381626	0.048929849999999976
focus0.31	57	4.7012066991232455	2722.6031894830467	0.07803933999999998	1.0	0.5	0.6666666666666666	1.0	1.0	0.0	2.0	0.5	0.16481599340083125	0.23777921633856738	0.03901966999999999
focus0.31	58	4.949343774862261	3416.839776476149	0.04867810680971191	1.0	0.5	0.6666666666666666	1.0	1.0	0.0	2.0	0.5	0.11447639152796438	0.16515452235625755	0.02433905340485595
focus0.31	59	4.8674990465100105	3405.1302005592306	0.07904449999999999	1.0	0.5	0.6666666666666666	1.0	1.0	0.0	2.0	0.5	0.1664228491684401	0.2400974191859205	0.039522249999999995
focus0.31	6	4.588501896528928	3444.069361251635	0.06645423951528855	1.0	0.5	0.6666666666666666	1.0	1.0	0.0	2.0	0.5	0.14578691824322826	0.21032606397599016	0.03322711975764427
focus0.31	60	4.532584268789455	3602.994875763778	0.03341486549456915	1.0	0.5	0.6666666666666666	1.0	1.0	0.0	2.0	0.5	0.08493225027433787	0.12253133628232755	0.016707432747284576
focus0.31	61	5.851263902030335	3579.012280994941	0.09004713168433193	1.0	0.5	0.6666666666666666	1.0	1.0	0.0	2.0	0.5	0.1835931251221728	0.2648688911550657	0.04502356584216597
focus0.31	62	6.210838692178959	1674.6991732731217	0.061896350562984676	1.0	0.5	0.6666666666666666	1.0	1.0	0.0	2.0	0.5	0.13802282693390489	0.19912484794702023	0.030948175281492338
focus0.31	63	6.009799624286185	1415.7685238079007	0.07491552140641425	1.0	0.5	0.6666666666666666	1.0	1.0	0.0	2.0	0.5	0.15977885591421936	0.2305121630663565	0.037457760703207124
focus0.31	7	5.4685251749721075	1230.2345300801896	0.04328864612540498	1.0	0.5	0.6666666666666666	1.0	1.0	0.0	2.0	0.5	0.10437132780883508	0.15057599704080274	0.02164432306270249
focus0.31	8	6.686135195733969	1511.0206426902503	0.03380570000000003	1.0	0.5	0.6666666666666666	1.0	1.0	0.0	2.0	0.5	0.0857274281062153	0.12367853539700195	0.016902850000000018
focus0.31	0	5.201716220998152	1274.7882232308748	0.03966071020709508	1.0	0.5	0.6666666666666666	1.0	1.0	0.0	2.0	0.5	0.09737814961800587	0.14048697354484058	0.019830355103547536
focus0.31	54	4.338613871097241	2830.6857527471725	0.059499963327434104	1.0	0.5	0.6666666666666666	1.0	1.0	0.0	2.0	0.5	0.1338720028243755	0.19313647458859984	0.029749981663717052
focus0.31	39	6.876314411430092	2328.0530698111584	0.09265790000000006	1.0	0.5	0.6666666666666666	1.0	1.0	0.0	2.0	0.5	0.18756078580859406	0.2705930155512957	0.046328950000000035
focus0.31	51	6.328300597423459	3007.0682072608543	0.07630028000000005	1.0	0.5	0.6666666666666666	1.0	1.0	0.0	2.0	0.5	0.1620199620832342	0.23374539582249984	0.03815014000000003
focus0.31	37	6.643639902867684	3323.9659866912502	0.10015727999999997	1.0	0.5	0.6666666666666666	1.0	1.0	0.0	2.0	0.5	0.19874672896213663	0.2867309202665774	0.05007863999999998
focus0.31	10	5.819025012652679	2064.175647088238	0.05598164746756696	1.0	0.5	0.6666666666666666	1.0	1.0	0.0	2.0	0.5	0.1276871596099786	0.18421363195451365	0.02799082373378348
focus0.31	38	14.703321720000009	1611.3559947258723	0.0	1.0	1.0	1.0	1.0	0.0	0.0	1.0	1.0	0.0	0.0	0.0
focus0.31	11	6.742810644435482	2471.1891038016265	0.08217041999999995	1.0	0.5	0.6666666666666666	1.0	1.0	0.0	2.0	0.5	0.17137780026665494	0.24724590256316237	0.041085209999999976
focus0.31	12	6.1261010934234355	2699.501537715997	0.05088930576594572	1.0	0.5	0.6666666666666666	1.0	1.0	0.0	2.0	0.5	0.11853182989110063	0.17100528317138508	0.02544465288297286
focus0.31	13	5.838206029572198	1828.01093177228	0.07038332405128817	1.0	0.5	0.6666666666666666	1.0	1.0	0.0	2.0	0.5	0.1523496369634616	0.21979406572841997	0.03519166202564408
focus0.31	14	7.375778277671945	2606.724863093832	0.06709350281727824	1.0	0.5	0.6666666666666666	1.0	1.0	0.0	2.0	0.5	0.14686268248723428	0.2118780637159833	0.03354675140863912
focus0.31	15	14.713962239999985	2813.5208530287673	0.0	1.0	1.0	1.0	1.0	0.0	0.0	1.0	1.0	0.0	0.0	0.0
focus0.31	16	4.641047890289172	1376.78524998191	0.05669784509466088	1.0	0.5	0.6666666666666666	1.0	1.0	0.0	2.0	0.5	0.1289551641147724	0.18604297576540454	0.028348922547330443
focus0.31	17	7.045059722986391	2475.37250504284	0.11866186	1.0	0.5	0.6666666666666666	1.0	1.0	0.0	2.0	0.5	0.22512257031131333	0.3247832157803087	0.05933092999999999
focus0.31	19	6.766856932631548	2274.9423542257323	0.08914253999999999	1.0	0.5	0.6666666666666666	1.0	1.0	0.0	2.0	0.5	0.18220920062485246	0.26287231014581686	0.044571269999999996
focus0.31	2	6.1085005194221385	1580.9688068420207	0.07091607811835422	1.0	0.5	0.6666666666666666	1.0	1.0	0.0	2.0	0.5	0.1532306009748417	0.2210650281388397	0.03545803905917711
focus0.31	20	6.685056601753086	2443.381587925202	0.08590261999999997	1.0	0.5	0.6666666666666666	1.0	1.0	0.0	2.0	0.5	0.17721273381786531	0.2556639322614102	0.042951309999999986
focus0.31	21	5.951094320705501	1893.851143806505	0.08674756000000002	1.0	0.5	0.6666666666666666	1.0	1.0	0.0	2.0	0.5	0.17852182656986504	0.25755255388278386	0.04337378000000001
focus0.31	22	5.330498741388072	3279.4596895026148	0.07714475999999997	1.0	0.5	0.6666666666666666	1.0	1.0	0.0	2.0	0.5	0.16338024869122553	0.23570787456603662	0.03857237999999998
focus0.31	23	5.634046334345782	1703.7719009362813	0.0908008120931231	1.0	0.5	0.6666666666666666	1.0	1.0	0.0	2.0	0.5	0.18474253673546862	0.26652714158950774	0.04540040604656155
focus0.31	18	14.822822960000003	1240.4729651182663	0.0	1.0	1.0	1.0	1.0	0.0	0.0	1.0	1.0	0.0	0.0	0.0
focus0.31	35	6.227862798101554	1378.723566187415	0.037240620000000016	1.0	0.5	0.6666666666666666	1.0	1.0	0.0	2.0	0.5	0.09261991470483324	0.1336222916322217	0.018620310000000008
focus0.31	36	6.752416254980253	3013.9024034875238	0.09608761999337609	1.0	0.5	0.6666666666666666	1.0	1.0	0.0	2.0	0.5	0.19271457275031814	0.2780283584139194	0.048043809996688044
focus0.31	24	6.274507613189723	3362.423136843367	0.04361003071082528	1.0	0.5	0.6666666666666666	1.0	1.0	0.0	2.0	0.5	0.10498313880418239	0.15145865372975165	0.021805015355412644
focus0.31	34	5.904052062879734	3611.306622249565	0.06809461999999998	1.0	0.5	0.6666666666666666	1.0	1.0	0.0	2.0	0.5	0.14854106050196542	0.21429945135457298	0.03404730999999999
focus0.31	33	5.967686441825594	3454.9907425803767	0.06566251999999996	1.0	0.5	0.6666666666666666	1.0	1.0	0.0	2.0	0.5	0.14445018591149197	0.20839756686999827	0.03283125999999997
focus0.31	32	5.699253939470407	1148.4184311443632	0.059956119999999974	1.0	0.5	0.6666666666666666	1.0	1.0	0.0	2.0	0.5	0.13466589430170484	0.1942818178859469	0.029978059999999987
focus0.31	30	5.604939837711185	3169.2308974614552	0.040281789439673164	1.0	0.5	0.6666666666666666	1.0	1.0	0.0	2.0	0.5	0.09858694495983225	0.14223089658994317	0.020140894719836582
focus0.31	31	4.4338992443115925	2404.9275348139467	0.08009652885096957	1.0	0.5	0.6666666666666666	1.0	1.0	0.0	2.0	0.5	0.16809750435669624	0.2425134359212166	0.040048264425484786
focus0.31	29	5.8747399197143775	1848.5962718033993	0.07453573107533946	1.0	0.5	0.6666666666666666	1.0	1.0	0.0	2.0	0.5	0.15916188618824836	0.2296220639023195	0.03726786553766973
focus0.31	28	4.688581275003774	3080.357931440392	0.08123392677536632	1.0	0.5	0.6666666666666666	1.0	1.0	0.0	2.0	0.5	0.16989995852525142	0.2451138276116208	0.04061696338768316
focus0.31	27	5.5906187992733045	3146.2150892890627	0.08875687999999998	1.0	0.5	0.6666666666666666	1.0	1.0	0.0	2.0	0.5	0.181617725859971	0.2620189924357114	0.044378439999999984
focus0.31	26	5.843744313187314	1870.4582007291813	0.05565954000000002	1.0	0.5	0.6666666666666666	1.0	1.0	0.0	2.0	0.5	0.12711534577054337	0.18338867896404878	0.027829770000000014
focus0.31	25	6.070325879026118	3304.5539179685916	0.10436051999999994	1.0	0.5	0.6666666666666666	1.0	1.0	0.0	2.0	0.5	0.20488552301020185	0.29558732799675985	0.05218025999999997
focus0.31	3	5.49437028746206	1917.5755242933146	0.0575275882441764	1.0	0.5	0.6666666666666666	1.0	1.0	0.0	2.0	0.5	0.13041837982550333	0.1881539498150269	0.0287637941220882
bracken2.5	29	4.690824147178013	24444.736538755333	0.0056183157092122215	1.0	0.25	0.4	1.0	3.0	0.0	4.0	0.25	0.021556645005320684	0.015549832423689998	0.0028091578546061103
bracken2.5	25	4.399197306067678	26152.60063022401	0.005857370020732559	1.0	0.25	0.4	1.0	3.0	0.0	4.0	0.25	0.021657848629725848	0.015622835407214658	0.0029286850103662793
bracken2.5	26	3.990825072507594	21031.667632546276	0.0032104017015131435	1.0	0.25	0.4	1.0	3.0	0.0	4.0	0.25	0.013411434517105296	0.00967430503451744	0.001605200850756572
bracken2.5	27	4.025910939393399	19754.185002416118	0.005391757451389098	1.0	0.25	0.4	1.0	3.0	0.0	4.0	0.25	0.01973720207667041	0.014237381778517876	0.002695878725694549
bracken2.5	28	3.5125195829020517	14877.964096346897	0.0032810314113469784	1.0	0.25	0.4	1.0	3.0	0.0	4.0	0.25	0.012706022207894798	0.009165457614377431	0.0016405157056734892
bracken2.5	3	5.086801804134417	31075.073576940045	0.020568663036903884	1.0	0.25	0.4	1.0	3.0	0.0	4.0	0.25	0.06290658323867358	0.04537750783885158	0.01028433151845194
bracken2.5	35	2.6690403814582537	22253.92681417221	0.004801558999909731	1.0	0.25	0.4	1.0	3.0	0.0	4.0	0.25	0.018924648136192365	0.013651248008326644	0.0024007794999548653
bracken2.5	31	4.137814660183769	18267.74622379782	0.005031800982207809	1.0	0.25	0.4	1.0	3.0	0.0	4.0	0.25	0.018858221620691118	0.013603331406078053	0.0025159004911039047
bracken2.5	32	2.269464316264246	13915.338728107932	0.005509309526682268	1.0	0.25	0.4	1.0	3.0	0.0	4.0	0.25	0.021192354960635082	0.015287052703233429	0.0027546547633411343
bracken2.5	33	4.0381680840535035	24698.0003723929	0.009048132437253076	1.0	0.25	0.4	1.0	3.0	0.0	4.0	0.25	0.030961078329348683	0.02233369708316305	0.004524066218626537
bracken2.5	34	3.6727711757200696	19372.817958321637	0.006432359405561616	1.0	0.25	0.4	1.0	3.0	0.0	4.0	0.25	0.023374752301840634	0.016861319613936682	0.0032161797027808075
bracken2.5	24	4.166893965014787	25675.015759832557	0.005599363525585203	1.0	0.25	0.4	1.0	3.0	0.0	4.0	0.25	0.020557810997544865	0.014829325988845286	0.0027996817627926017
bracken2.5	30	3.8091148090487814	21615.850673468496	0.007163338196086932	1.0	0.25	0.4	1.0	3.0	0.0	4.0	0.25	0.025441325973123534	0.018352037407532454	0.0035816690980434666
bracken2.5	23	3.5043292215352158	19654.36047855291	0.003290661744051009	1.0	0.25	0.4	1.0	3.0	0.0	4.0	0.25	0.013494042147967783	0.009733893844209888	0.0016453308720255045
bracken2.5	1	4.830807834747159	17897.296741304872	0.006050737747758919	1.0	0.25	0.4	1.0	3.0	0.0	4.0	0.25	0.022542566039415853	0.016261024116988605	0.003025368873879459
bracken2.5	21	4.719287523698862	22225.932118554425	0.0037127346799523033	1.0	0.25	0.4	1.0	3.0	0.0	4.0	0.25	0.015048403718032224	0.010855128708650064	0.0018563673399761517
bracken2.5	20	4.227826260014667	20325.092207548772	0.005583889370452115	1.0	0.25	0.4	1.0	3.0	0.0	4.0	0.25	0.02137653108907333	0.015419907696807423	0.0027919446852260575
bracken2.5	2	2.437839151762294	14787.944718963257	0.0058234685783709605	1.0	0.25	0.4	1.0	3.0	0.0	4.0	0.25	0.022228818787390067	0.016034703314693536	0.0029117342891854803
bracken2.5	19	4.672158497598303	25682.196466736128	0.009222941814386572	1.0	0.25	0.4	1.0	3.0	0.0	4.0	0.25	0.032299159683376134	0.023298918750043748	0.004611470907193287
bracken2.5	18	3.4113296987470565	7420.735873164295	0.002915774339175128	1.0	0.25	0.4	1.0	3.0	0.0	4.0	0.25	0.012090325882993793	0.008721326597063312	0.001457887169587564
bracken2.5	17	4.342666816210315	21616.607691650122	0.00753781504136766	1.0	0.25	0.4	1.0	3.0	0.0	4.0	0.25	0.02731012832303272	0.019700093348840264	0.00376890752068383
bracken2.5	16	2.454804221092193	1507.1768356890148	0.0016873568759793612	1.0	0.3333333333333333	0.5	1.0	2.0	0.0	3.0	0.3333333333333333	0.00725301664503655	0.006601980261689648	0.0008436784379896807
bracken2.5	15	2.7924395492515512	15873.438046223273	0.006348695182122712	1.0	0.25	0.4	1.0	3.0	0.0	4.0	0.25	0.023033976386010097	0.016615501752025127	0.003174347591061356
bracken2.5	14	2.9886203545148957	18819.99910283206	0.008077162681790354	1.0	0.25	0.4	1.0	3.0	0.0	4.0	0.25	0.027938408712999237	0.020153301850286503	0.004038581340895177
bracken2.5	13	2.503526354604124	12292.91132692387	0.004304189545244243	1.0	0.25	0.4	1.0	3.0	0.0	4.0	0.25	0.016934373223056638	0.012215568134733332	0.002152094772622121
bracken2.5	12	3.1458893088896827	12661.573440493003	0.004501227607529646	1.0	0.25	0.4	1.0	3.0	0.0	4.0	0.25	0.01744624913586143	0.012584808555210325	0.002250613803764823
bracken2.5	11	4.046911910917771	28742.9734875142	0.012240244374651639	1.0	0.25	0.4	1.0	3.0	0.0	4.0	0.25	0.04045719335205215	0.029183696108645785	0.006120122187325819
bracken2.5	10	2.83573411179605	16053.756074684912	0.004118492029211333	1.0	0.25	0.4	1.0	3.0	0.0	4.0	0.25	0.016330826971566445	0.01178020154274732	0.0020592460146056663
bracken2.5	36	3.636993939328961	28687.99184314818	0.008171706220134727	1.0	0.25	0.4	1.0	3.0	0.0	4.0	0.25	0.02853194425384627	0.020581447240972186	0.004085853110067363
bracken2.5	22	4.119533046781055	20293.360530745613	0.004387421383648065	1.0	0.25	0.4	1.0	3.0	0.0	4.0	0.25	0.016468822507064107	0.011879744280110967	0.0021937106918240327
bracken2.5	37	3.552051196589347	23354.79586489447	0.009737255059751896	1.0	0.25	0.4	1.0	3.0	0.0	4.0	0.25	0.033180070583941706	0.023934361643899237	0.004868627529875948
bracken2.5	8	4.442604724025938	16565.627338975635	0.0054396002901124126	1.0	0.25	0.4	1.0	3.0	0.0	4.0	0.25	0.02013823347875849	0.014526664786034486	0.0027198001450562063
bracken2.5	39	4.019452616741727	29153.778049124914	0.007374364538751169	1.0	0.25	0.4	1.0	3.0	0.0	4.0	0.25	0.0261990725081655	0.01889863599171037	0.0036871822693755846
bracken2.5	9	3.0353887590336264	15073.570983323596	0.003235563058310631	1.0	0.25	0.4	1.0	3.0	0.0	4.0	0.25	0.012686985463834542	0.009151725506252229	0.0016177815291553153
bracken2.5	7	2.4409539396686366	16458.151665928952	0.005268184788619382	1.0	0.25	0.4	1.0	3.0	0.0	4.0	0.25	0.020445870885211437	0.01474857826637529	0.0026340923943096914
bracken2.5	63	4.220780039155897	26356.319424328383	0.005739283994221087	1.0	0.25	0.4	1.0	3.0	0.0	4.0	0.25	0.022237136352078374	0.016040703169357583	0.002869641997110544
bracken2.5	62	4.434342368648982	24617.190269719547	0.005559011820426166	1.0	0.25	0.4	1.0	3.0	0.0	4.0	0.25	0.021664217110712224	0.015627429295183178	0.0027795059102130827
bracken2.5	61	4.012194859905212	27539.16649763498	0.007617972772801584	1.0	0.25	0.4	1.0	3.0	0.0	4.0	0.25	0.027030916432126014	0.019498684543656098	0.003808986386400792
bracken2.5	60	3.1871264361166776	21956.12699155408	0.004934044909878602	1.0	0.25	0.4	1.0	3.0	0.0	4.0	0.25	0.018475608129079397	0.013327334112615333	0.002467022454939301
bracken2.5	6	5.821612056198096	32829.857573098154	0.018194939977028354	1.0	0.25	0.4	1.0	3.0	0.0	4.0	0.25	0.057310440763954126	0.04134074434065866	0.009097469988514177
bracken2.5	59	3.163372967778848	21573.026304733416	0.004974723570522588	1.0	0.25	0.4	1.0	3.0	0.0	4.0	0.25	0.018683450554075803	0.013477260730529659	0.0024873617852612944
bracken2.5	58	3.4279924959694026	24025.236125034222	0.0051552100848800955	1.0	0.25	0.4	1.0	3.0	0.0	4.0	0.25	0.01928635543313928	0.013912164670105977	0.0025776050424400477
bracken2.5	57	3.3647914300209396	21774.185949228446	0.005293934117694835	1.0	0.25	0.4	1.0	3.0	0.0	4.0	0.25	0.019876614425289898	0.014337946530513885	0.0026469670588474175
bracken2.5	56	7.93693813878451	31466.1248333545	0.024539751527329536	1.0	0.25	0.4	1.0	3.0	0.0	4.0	0.25	0.07463196317819909	0.05383558158449778	0.012269875763664768
bracken2.5	55	7.933216748714574	30987.155621321173	0.024124712496806703	1.0	0.25	0.4	1.0	3.0	0.0	4.0	0.25	0.07381137257390788	0.05324365058679227	0.01206235624840335
bracken2.5	54	5.0880024535455695	20605.85821787362	0.008003971590966963	1.0	0.25	0.4	1.0	3.0	0.0	4.0	0.25	0.028846296368860293	0.02080820435968403	0.004001985795483482
bracken2.5	53	5.885470588539739	22647.083641112768	0.010077967373341552	1.0	0.25	0.4	1.0	3.0	0.0	4.0	0.25	0.03526434558692548	0.025437848249226	0.005038983686670776
bracken2.5	52	5.045341386451972	20811.297764819727	0.005535482442456503	1.0	0.25	0.4	1.0	3.0	0.0	4.0	0.25	0.020338846507723173	0.014671376497047018	0.002767741221228252
bracken2.5	51	4.4134465364794595	32025.99772076227	0.011861010703102876	1.0	0.25	0.4	1.0	3.0	0.0	4.0	0.25	0.03964385995538792	0.028597000079667357	0.005930505351551439
bracken2.5	50	5.4338407566001505	18167.115045234877	0.008412515886945757	1.0	0.25	0.4	1.0	3.0	0.0	4.0	0.25	0.029246236129328078	0.021096699914224627	0.004206257943472879
bracken2.5	5	6.545121156270627	33616.01085558939	0.02194163119774938	1.0	0.25	0.4	1.0	3.0	0.0	4.0	0.25	0.06717494756198775	0.04845648185982795	0.01097081559887469
bracken2.5	49	5.629795057239576	26226.384563773558	0.00976639035418298	1.0	0.25	0.4	1.0	3.0	0.0	4.0	0.25	0.0336641847306867	0.024283576183265834	0.00488319517709149
bracken2.5	48	5.344925474721552	33583.476600100475	0.013788787273131778	1.0	0.25	0.4	1.0	3.0	0.0	4.0	0.25	0.0449870871112677	0.032451323739732856	0.006894393636565888
bracken2.5	47	5.186584621043892	29404.51041773131	0.010997738125158071	1.0	0.25	0.4	1.0	3.0	0.0	4.0	0.25	0.0368688585005875	0.026595259661017244	0.0054988690625790365
bracken2.5	46	5.135773072590588	29525.606297239112	0.01918547299337797	1.0	0.25	0.4	1.0	3.0	0.0	4.0	0.25	0.05904119923777671	0.042589222674238855	0.009592736496688984
bracken2.5	45	7.851364630580678	30749.929704274367	0.024323215750616647	1.0	0.25	0.4	1.0	3.0	0.0	4.0	0.25	0.07424008352022728	0.05355290016490718	0.012161607875308324
bracken2.5	44	5.028340298616974	29525.423366557374	0.011391983194805628	1.0	0.25	0.4	1.0	3.0	0.0	4.0	0.25	0.038263041606414215	0.027600950187450932	0.005695991597402813
bracken2.5	43	5.253636864353142	30496.425142896536	0.01422999788364106	1.0	0.25	0.4	1.0	3.0	0.0	4.0	0.25	0.046335984089112076	0.033424347230035956	0.007114998941820531
bracken2.5	42	4.942011746880209	33892.94605938937	0.016427811819517815	1.0	0.25	0.4	1.0	3.0	0.0	4.0	0.25	0.05203296966764695	0.03753385365112005	0.008213905909758908
bracken2.5	41	3.1310029409855304	23227.318677481282	0.005057194461168503	1.0	0.25	0.4	1.0	3.0	0.0	4.0	0.25	0.019344784939877013	0.013954312649912036	0.002528597230584252
bracken2.5	40	4.1033820449317915	28176.62218286274	0.006957430978665719	1.0	0.25	0.4	1.0	3.0	0.0	4.0	0.25	0.02507652728555219	0.01808889077879146	0.0034787154893328597
bracken2.5	4	4.377225387335075	28732.99174379025	0.008913067480352716	1.0	0.25	0.4	1.0	3.0	0.0	4.0	0.25	0.031153160340654233	0.022472254965740297	0.004456533740176358
bracken2.5	38	3.057903606148357	22196.859305959577	0.004738908243893417	1.0	0.25	0.4	1.0	3.0	0.0	4.0	0.25	0.01821932045357739	0.013142461633371481	0.0023694541219467084
bracken2.5	0	2.6317997622950258	3948.090207709282	0.002247529222896703	1.0	0.25	0.4	1.0	3.0	0.0	4.0	0.25	0.009559926939380358	0.006896029593352424	0.0011237646114483516
